Price,Close,High,Low,Open,Volume
Ticker,PETR4.SA,PETR4.SA,PETR4.SA,PETR4.SA,PETR4.SA
Date,,,,,
2022-01-03,9.664045333862305,9.70723260702912,9.478006825872665,9.481329021292263,52704700
2022-01-04,9.700589179992676,9.767031189714045,9.604247410477278,9.687300397861996,51739200
2022-01-05,9.325189590454102,9.723844194827445,9.282002314574935,9.69726726344549,78459800
2022-01-06,9.3185453414917,9.517872646722095,9.248781133165279,9.398276770499086,61163100
2022-01-07,9.361733436584473,9.398276956130985,9.242136924355194,9.338478700016346,47507600
2022-01-10,9.305254936218262,9.381663517376206,9.208913185819556,9.298610546471341,37455200
2022-01-11,9.58099365234375,9.657402256454333,9.252103864801438,9.335156860654871,73623800
2022-01-12,9.873339653015137,9.936460105583997,9.617536914245864,9.617536914245864,81378200
2022-01-13,10.07266616821289,10.175651694736327,9.800252472067282,9.810219058625293,76717500
2022-01-14,10.448065757751465,10.497897421981143,10.046088981191549,10.05937776292959,96458800
2022-01-17,10.464676856994629,10.567662388325676,10.3816238660661,10.431455533894411,35675900
2022-01-18,10.511188507080078,10.624140648838226,10.28860641992657,10.484611569821935,78198800
2022-01-19,10.461355209350586,10.700547607643271,10.444744863752343,10.597562070917206,77480200
2022-01-20,10.537761688232422,10.630781252301881,10.335112851488296,10.464675295234665,85353100
2022-01-21,10.554375648498535,10.590918538508372,10.474644842598726,10.487932993426634,61345400
2022-01-24,10.61417293548584,10.713836275286695,10.31186008662664,10.527797745291203,79117100
2022-01-25,10.959671974182129,11.039402126579645,10.491252576517002,10.531118286359723,98358500
2022-01-26,11.252021789550781,11.38490711659477,11.062661022250559,11.062661022250559,98679900
2022-01-27,11.25534439086914,11.507824986372693,11.019472876797858,11.37826249214795,90631000
2022-01-28,10.810176849365234,11.411479650680803,10.703869129775036,11.228763336840647,117400500
2022-01-31,10.747054100036621,10.962992334757566,10.654035176667739,10.796886390291542,62450300
2022-02-01,10.962995529174805,11.069303263226175,10.614173197613237,10.747057231533372,57315200
2022-02-02,10.803533554077148,11.125779574613725,10.75037968889166,11.099202008376926,36271700
2022-02-03,10.654036521911621,10.936416156243729,10.504541533202381,10.747055457025644,51087800
2022-02-04,10.84007740020752,11.039404083829194,10.590917778392281,10.766990358145105,59346800
2022-02-07,10.68061637878418,10.88990902774498,10.673971986664885,10.81350041930542,48868100
2022-02-08,10.574305534362793,10.614171244116969,10.384944838729368,10.597560267701079,62590000
2022-02-09,10.61417293548584,10.86000908917541,10.514508962040923,10.544408090709991,50960500
2022-02-10,10.77695369720459,10.929772136008484,10.61084837903858,10.730444233463864,49534600
2022-02-11,11.215473175048828,11.265305466913553,10.84007464087578,10.886584104062685,88013400
2022-02-14,10.962995529174805,11.275274339539685,10.90319727035989,11.248698039670918,55687000
2022-02-15,10.790245056152344,10.856687706212353,10.594239935483788,10.850043314477539,65689000
2022-02-16,10.939741134643555,11.195544523754595,10.886587265950883,10.906520441943707,65811600
2022-02-17,10.896549224853516,11.059333600886104,10.813496256268827,10.913159565112908,43255200
2022-02-18,10.962995529174805,10.992894658582262,10.720480931664607,10.820144273926747,60304700
2022-02-21,11.245375633239746,11.295207939889835,10.96299594165778,10.979606288111743,51263800
2022-02-22,11.208832740783691,11.5211115451464,11.032759529973712,11.368294338795806,80206700
2022-02-23,11.368294715881348,11.494534359773219,11.228765020937477,11.35500593211752,86530100
2022-02-24,11.092556953430176,11.723760173635982,10.856686769981241,11.560975758391148,139674100
2022-02-25,11.295205116271973,11.295205116271973,10.92977251648421,11.112488816378091,86189100
2022-03-02,11.517789840698242,11.723762200459827,11.424770882927366,11.71379497834991,58071800
2022-03-03,11.374938011169434,11.604163806200358,11.348360446203966,11.567620288016865,69237400
2022-03-04,11.371613502502441,11.521109115134996,11.235406670390082,11.321782476483497,55418000
2022-03-07,10.564337730407715,11.49453075854836,10.507861684393497,11.461310076834963,110954100
2022-03-08,10.783600807189941,10.953029630450576,10.467999799336583,10.630783597130351,111633500
2022-03-09,10.81682014465332,10.903194682838793,10.544405848740322,10.830107657790263,87779300
2022-03-10,11.19554328918457,11.494533292377147,10.803533075571323,10.830109373342905,136437700
2022-03-11,10.79356861114502,11.421449098473923,10.654038909911803,11.265309050431288,92153700
2022-03-14,10.58759593963623,10.926451673129487,10.471321621464323,10.77363446852485,52274100
2022-03-15,10.331791877746582,10.477965314666836,10.122497992258307,10.34508002638805,66272000
2022-03-16,10.242094993591309,10.477965821413989,10.08927779178161,10.464677038485817,72034900
2022-03-17,9.969680786132812,10.431455198062922,9.800252614055921,10.3816235318389,178319300
2022-03-18,10.1690092086792,10.238773422375244,9.919850216374893,9.9962588219403,93097100
2022-03-21,10.551053047180176,10.660682980287723,10.178975333626143,10.268672724435254,67700800
2022-03-22,10.504544258117676,10.66400524058588,10.414846861437933,10.62746234958772,56128600
2022-03-23,10.647394180297852,10.786923877109153,10.527798293043167,10.607529095760988,52956100
2022-03-24,10.77031135559082,10.83010961099916,10.52115301412947,10.647393282712823,49402800
2022-03-25,10.730447769165039,10.813500772436113,10.604207482996424,10.68061672757535,51780100
2022-03-28,10.497897148132324,10.65735935660914,10.291925472073592,10.650714965913444,68610500
2022-03-29,10.730447769165039,10.883264991034633,10.604207482996424,10.673972335239073,93809000
2022-03-30,10.959671974182129,10.959671974182129,10.757022496965893,10.796887573164652,69648400
2022-03-31,11.1124906539917,11.152355735565505,10.79688902891951,10.820143765444906,94269500
2022-04-01,10.966316223144531,11.225442413255028,10.933095534116854,11.145710985385325,72545400
2022-04-04,10.863332748413086,10.929775402451495,10.713837093648715,10.929775402451495,56053000
2022-04-05,10.760345458984375,10.982928136911285,10.760345458984375,10.850042842570913,45847200
2022-04-06,10.750377655029297,10.889906049510804,10.644069944770663,10.830107804079338,56947100
2022-04-07,11.308493614196777,11.315138004408833,10.796886973459166,10.843396437655704,118469400
2022-04-08,11.364970207214355,11.431412848928973,11.245373705585639,11.318460738200518,60772700
2022-04-11,11.278596878051758,11.328427914252938,11.222120182944673,11.261986532651363,48125400
2022-04-12,11.245375633239746,11.521112200070688,11.228765286785784,11.428093246097935,68522800
2022-04-13,11.484566688537598,11.560975282823518,11.328426670877509,11.418124046940454,101438800
2022-04-14,11.364723205566406,11.655473757557528,11.32474474471613,11.484657894913244,119382100
2022-04-18,11.164830207824707,11.408334024825107,11.07397058496193,11.32474333816029,76350600
2022-04-19,11.50283145904541,11.630035106665385,11.310209446241895,11.32474662965909,88494100
2022-04-20,11.557345390319824,11.61186172633398,11.38652952466029,11.502829747509676,34694700
2022-04-22,11.106681823730469,11.375626265846787,11.019456655466044,11.28476662892084,74560900
2022-04-25,10.943134307861328,11.063068994460366,10.735974457663351,10.89225244252563,66413900
2022-04-26,10.924962997436523,11.113951216353648,10.863178414067619,10.943135341488581,48764100
2022-04-27,10.924962997436523,11.106682278732825,10.884985226930088,11.037629450947144,41881300
2022-04-28,10.997649192810059,11.128487275820552,10.994014724592663,11.066702702532702,43298500
2022-04-29,11.004918098449707,11.48102234233326,11.004918098449707,11.175733944965687,76243900
2022-05-02,10.895888328552246,11.02309196863477,10.65965339308703,10.964941852003458,72456200
2022-05-03,10.994016647338867,11.044897824873155,10.837737952678921,10.946769938657607,52531000
2022-05-04,11.655474662780762,11.69181796469926,11.048532231807574,11.121220222052669,109417000
2022-05-05,11.6336669921875,11.811752485839678,11.2738636159304,11.560979700504731,99439900
2022-05-06,12.015278816223145,12.037084241657245,11.59368946559418,11.880805556142063,129570200
2022-05-09,11.688183784484863,12.008010098647656,11.651840483824385,11.884440935430762,92314500
2022-05-10,11.789945602416992,11.938955346640846,11.702721130212195,11.760871240484724,60330600
2022-05-11,12.200634002685547,12.324203185297772,11.880807638323033,11.913517168614748,108895400
2022-05-12,12.295125961303711,12.385985592517338,12.087964726641333,12.087964726641333,114415900
2022-05-13,12.455037117004395,12.516820994324332,12.320565264996212,12.393251853276656,67000100
2022-05-16,12.578607559204102,12.676736127222643,12.360543612582468,12.44776946851271,92075300
2022-05-17,12.415060997009277,12.771230614932355,12.407792059532309,12.72034943900164,90914700
2022-05-18,12.211536407470703,12.560438517199076,12.149752510936365,12.422331460981766,80986200
2022-05-19,12.418696403503418,12.46231003409305,12.113409307825464,12.182462143313346,63983100
2022-05-20,12.658564567565918,12.658564567565918,12.44776955631886,12.571338711020388,79589900
2022-05-23,13.156474113464355,13.196452570703428,12.774863961795875,12.785766673258216,93807400
2022-05-24,12.79824161529541,12.996695266767109,12.437784289365307,12.636238713327776,154453100
2022-05-25,12.980497360229492,13.073648952177127,12.660541657129508,12.838745273566108,69991900
2022-05-26,13.012894630432129,13.187048022162294,12.939993138778506,12.968343547201428,78303600
2022-05-27,12.393235206604004,13.02099757633263,12.381084698064058,13.02099757633263,118295600
2022-05-30,12.14617919921875,12.50258635995255,11.793822980130747,12.490435852487495,98110100
2022-05-31,12.174530982971191,12.401335846270085,12.07327906015625,12.316283829410283,83598000
2022-06-01,12.158329010009766,12.283881156658053,12.089477683301208,12.109727755425187,46353200
2022-06-02,12.053027153015137,12.170478963937276,11.967975149079813,12.138078384459712,50738300
2022-06-03,12.263630867004395,12.32843202364058,11.959875155588252,12.03277587743592,60396900
2022-06-06,12.27173137664795,12.364883722410848,12.113778641752548,12.352733214922441,39213900
2022-06-07,12.417533874511719,12.676738510525345,12.215030059503386,12.227180566500556,80333700
2022-06-08,12.356782913208008,12.615987549823679,12.283881416037161,12.320332164622585,65923900
2022-06-09,12.178580284118652,12.417534866721148,12.142129532705335,12.356783871862556,53879000
2022-06-10,12.008476257324219,12.154279253534957,11.769521690196958,12.154279253534957,63101700
2022-06-13,11.854576110839844,11.98012828732978,11.611571325140252,11.753324181172589,64507100
2022-06-14,11.988226890563965,12.251481715067248,11.842423885766106,12.012527133866673,68816900
2022-06-15,11.777621269226074,12.158328638966326,11.680419535514018,12.150228301367644,72785700
2022-06-17,11.060757637023926,11.52246683872868,10.582848532578867,11.40906442958369,184606500
2022-06-20,11.186308860778809,11.441463277152181,10.493745549210061,10.53829662686676,92581800
2022-06-21,10.963555335998535,11.405013670829218,10.809652791718337,11.25921069125485,85179500
2022-06-22,10.931156158447266,11.157960221536358,10.688151418892138,10.765103087124263,57874700
2022-06-23,10.728654861450195,11.08911150021733,10.578802431340895,10.927108559900132,69262300
2022-06-24,10.647650718688965,10.971656506243251,10.603099633216225,10.838004022315767,53413400
2022-06-27,11.332112312316895,11.368563057632743,10.797502411005349,10.862303564346705,90417700
2022-06-28,11.473864555358887,11.676368342620774,11.348312423553898,11.57511644898983,51388000
2022-06-29,11.372615814208984,11.67232140973588,11.2754140620779,11.53461873442746,52048800
2022-06-30,11.311863899230957,11.364514554352272,11.097209564525421,11.198461478020162,49910100
2022-07-01,11.554869651794434,11.684471988749113,11.14581179297444,11.372615882645128,64948200
2022-07-04,11.801922798156738,11.858624395047924,11.558918823588899,11.558918823588899,37324200
2022-07-05,11.352364540100098,11.72497160350216,11.157960283875404,11.704720757806475,78428500
2022-07-06,11.206561088562012,11.534617050678284,10.898755198833003,11.405014733422016,57617200
2022-07-07,11.534619331359863,11.712822939067896,11.340215817037045,11.340215817037045,52147300
2022-07-08,11.664219856262207,11.733071186748434,11.490067217964835,11.5548683793059,43097800
2022-07-11,11.607521057128906,11.660172492705696,11.441467955677636,11.469818372146255,39577600
2022-07-12,11.433365821838379,11.514367661172889,11.32806373969983,11.46171623385822,46462000
2022-07-13,11.441466331481934,11.534617907367004,11.332114078491216,11.392865072655793,35497200
2022-07-14,11.133662223815918,11.340216255453445,11.032410292963654,11.340216255453445,47151000
2022-07-15,11.324014663696289,11.360465417666669,11.133661327121642,11.218713343882818,38610800
2022-07-18,11.583221435546875,11.619672193685116,11.461718650922421,11.498169409060663,46782300
2022-07-19,11.81812572479248,11.84242597237684,11.502219416232023,11.562970421438395,48562300
2022-07-20,11.814074516296387,11.83432459208817,11.676371837937813,11.773573592221945,43520800
2022-07-21,11.75332260131836,11.797872919089777,11.421216440249252,11.737121923953616,58843200
2022-07-22,11.878873825073242,11.93557464640113,11.684470346956976,11.761422013395364,55676200
2022-07-25,12.433734893798828,12.453984966862459,11.992276503092897,11.992276503092897,79106600
2022-07-26,12.559289932250977,12.806344897349621,12.389186652960115,12.636241618058758,78360100
2022-07-27,12.696991920471191,12.745592413296277,12.401336476230723,12.676741071384985,56097200
2022-07-28,13.077696800231934,13.215399456828605,12.729389989723797,12.794191149005671,114996500
2022-07-29,13.831010818481445,14.037564024553419,13.296400884550085,13.60825539185883,181480600
2022-08-01,13.640657424926758,13.831011509927272,13.454354281511787,13.770259745996437,81365100
2022-08-02,13.701406478881836,13.972760802144078,13.559652906074245,13.677105469119647,69147100
2022-08-03,13.709510803222656,13.835063753524743,13.592059737758865,13.774311977092347,65544500
2022-08-04,13.855310440063477,13.93226287737729,13.600156749443965,13.802660561353626,54387500
2022-08-05,14.122617721557617,14.199570171466915,13.818861953974755,13.831013235265646,77882600
2022-08-08,14.835428237915039,14.892129052491024,14.227916861775798,14.231966257824945,109484600
2022-08-09,15.0784330368042,15.171584601100397,14.924529713410672,14.989330868789828,79051200
2022-08-10,15.029834747314453,15.248539257966241,14.827330914114272,15.248539257966241,78369600
2022-08-11,14.68153190612793,15.3335946738455,14.68153190612793,15.167541547189266,128896500
2022-08-12,15.771775245666504,15.831460717767552,14.463678214524878,14.473625951319786,171288300
2022-08-15,15.776749610900879,16.030411215148874,15.194820271430396,15.35895413904164,96759000
2022-08-16,15.92098617553711,15.950829383433716,15.66732554909418,15.776747798710117,64218800
2022-08-17,16.29401969909668,16.323862910588364,15.71706517361729,15.741933567858593,72924700
2022-08-18,16.622283935546875,16.741654859037528,16.34872786182902,16.463123969116978,84552500
2022-08-19,15.781723022460938,16.4879971579951,15.582773029400526,16.373599133232116,125178200
2022-08-22,16.119937896728516,16.204492707945455,15.16000314799124,15.786696314762752,92400300
2022-08-23,16.63223648071289,16.662079694550425,16.22438871161832,16.229363529259746,73215800
2022-08-24,16.731708526611328,16.97044849627008,16.53773241984713,16.681971744433653,61067900
2022-08-25,16.552654266357422,17.089820659752913,16.249254940162203,16.96050198104507,99511600
2022-08-26,16.731708526611328,16.746629181797307,16.19951698849641,16.55265307503311,63545400
2022-08-29,17.149507522583008,17.44793396986451,16.637211349488066,16.686948142033142,73339500
2022-08-30,16.1298885345459,17.020191185563238,16.05030852591143,16.910767962189446,99361100
2022-08-31,16.527786254882812,16.632234645785545,15.826486934435204,15.950830799034685,114235400
2022-09-01,16.836158752441406,16.885897437405916,16.294019419017655,16.592445836794216,69184700
2022-09-02,16.622283935546875,17.19426636932313,16.542703952331927,17.12960704004334,81792300
2022-09-05,16.582496643066406,16.965475945633525,16.487995995940754,16.836157273422984,76337600
2022-09-06,15.96574878692627,16.20946355563195,15.672298188297379,16.05030358733552,111813500
2022-09-08,15.816537857055664,16.303965537293273,15.617587880292184,16.070200381848043,63159800
2022-09-09,15.811565399169922,16.24925441215488,15.766801534508199,16.15972858016813,49871900
2022-09-12,15.657380104064941,16.279099462854067,15.647432366643885,15.990622666991106,71374500
2022-09-13,15.24455738067627,15.63748444225647,15.179898989471981,15.38879671680117,88327800
2022-09-14,15.478323936462402,15.632510055504447,15.234609138770058,15.29429460831414,49039700
2022-09-15,15.448481559753418,15.533035426106936,15.319163825996952,15.378849298757014,45553200
2022-09-16,15.309218406677246,15.393772280591389,15.090372918546207,15.349008409185755,107303600
2022-09-19,15.55293083190918,15.607641487309236,14.861578298746934,15.169951500766782,65559900
2022-09-20,15.46340274810791,15.71706434032796,15.339058886157005,15.627536607936369,67798200
2022-09-21,15.503195762634277,15.652408046542092,15.363930268630037,15.592723512446392,58812200
2022-09-22,15.886173248291016,15.95580646124946,15.433561633069147,15.657380032002038,69764300
2022-09-23,14.89141845703125,15.6126121556171,14.806864608378486,15.577796032407411,138630800
2022-09-26,14.568124771118164,14.961050812786738,14.55817703622321,14.781995379350407,42934600
2022-09-27,14.75713062286377,14.8615790189634,14.71236675348723,14.752156754192105,71087600
2022-09-28,14.558178901672363,14.831735005658926,14.214989593166703,14.757128881723348,104670700
2022-09-29,14.578076362609863,14.622840235724134,14.224940195451195,14.418916346500687,87536500
2022-09-30,14.82179069519043,15.16498008301608,14.423890643123414,14.533312920274705,121637100
2022-10-03,16.00554084777832,16.23433308104886,15.746905406862515,15.87124925937954,179694100
2022-10-04,15.602668762207031,16.4034426161599,15.453455553431935,16.363653565555303,115917200
2022-10-05,16.189571380615234,16.323862986950722,15.518115246274666,15.622563640978866,92893700
2022-10-06,16.741661071777344,16.80632042505187,16.134862288748334,16.413393282030224,82671900
2022-10-07,16.72673797607422,17.06992637530846,16.522814104528617,16.701869581463658,73500100
2022-10-10,16.53773307800293,16.856053050216182,16.413389220273583,16.73668400930456,52222600
2022-10-11,16.413393020629883,16.577527861558007,16.219416861232745,16.358681406987174,58332400
2022-10-13,16.880924224853516,17.154482274819237,16.119940297261255,16.164704169315918,91143900
2022-10-14,16.622283935546875,16.98039480868237,16.56259942246978,16.89584190660119,62246100
2022-10-17,16.60736656188965,16.985372979826618,16.33381043413914,16.53276138014142,100936400
2022-10-18,17.015213012695312,17.02516074898025,16.492969190424596,16.861027843620512,82313200
2022-10-19,17.617040634155273,17.686674803194634,16.920716019795595,16.975427632515114,113700900
2022-10-20,18.139286041259766,18.17907509672645,17.791122793575234,17.955255730548036,114347400
2022-10-21,18.76099967956543,19.094240268804683,18.09948952265316,18.129332728078836,139601400
2022-10-24,17.035106658935547,18.313361225789922,17.025158923717104,18.15420125696781,142110900
2022-10-25,16.676998138427734,17.159452929387257,16.517838147101518,16.930660679022914,113161200
2022-10-26,16.269149780273438,16.67699747908938,15.86627594957334,16.214438179667475,121334800
2022-10-27,16.393495559692383,16.68197425223239,16.24925621342238,16.318890375210486,111008800
2022-10-28,16.19951629638672,16.47307238134973,15.846380224937441,16.26417562832448,129745400
2022-10-31,14.826763153076172,15.717065739248138,14.503469272962258,15.224664115935845,262409400
2022-11-01,14.85163402557373,15.254507949994084,14.70242079339202,15.204770205933514,115944200
2022-11-03,14.896394729614258,15.115239239029286,14.642733142699766,14.821787655069485,139062100
2022-11-04,14.075726509094238,15.368903020745261,14.016041979337027,15.319165280168589,195361000
2022-11-07,13.503744125366211,14.075725739034544,13.463954124815416,13.906617999526556,117206600
2022-11-08,13.60322093963623,13.692748686852172,13.30479543180594,13.45898158052865,94745400
2022-11-09,13.379399299621582,13.901644086808593,13.250081569899134,13.503743161046817,103303500
2022-11-10,12.991447448730469,13.37442583241758,12.737785849975584,12.971551974944953,145470100
2022-11-11,13.424162864685059,13.60819219288292,12.78254904742211,12.832285831942503,146365800
2022-11-14,13.777300834655762,14.016040831469581,13.473901495787105,13.558455363242219,66639500
2022-11-16,13.503744125366211,13.981225080644185,13.394321861018637,13.832011867077373,85549900
2022-11-17,13.50871753692627,13.578349798366911,13.205318200074762,13.429137538517416,101525800
2022-11-18,13.279925346374512,13.727563076873652,13.041184401262342,13.628087604021214,127683500
2022-11-21,13.31971549987793,13.71264162998716,12.95663068383388,13.488823236482437,164898100
2022-11-22,12.414419174194336,12.467631632711452,11.866332576871534,12.238818771548114,164261300
2022-11-23,12.472955703735352,12.584700977573833,12.132396503824967,12.238821444098859,77317300
2022-11-24,12.903972625732422,13.106178760509062,12.371850043227992,12.515523384090576,94233800
2022-11-25,12.696443557739258,12.94654077490331,12.55809158177303,12.909292361170701,58635900
2022-11-28,12.962507247924805,13.063609814185186,12.526166865283836,12.584699662870545,56067400
2022-11-29,13.505270004272461,13.77133128186993,13.026359907585665,13.090215060784077,96151500
2022-11-30,14.186387062072754,14.186387062072754,13.569124986996975,13.622337444836587,120774700
2022-12-01,13.617015838623047,14.255563290669613,13.601051797091763,14.143817029837026,71259400
2022-12-02,13.787293434143066,14.07464006173577,13.468019741798866,13.67022685342553,66301000
2022-12-05,13.632979393005371,14.143816524434262,13.595729964096751,13.835185503793518,56065400
2022-12-06,13.643623352050781,14.042715308276385,13.526556743604203,13.73940558393586,74991200
2022-12-07,13.489306449890137,13.872434309274656,13.446736687736303,13.48398510275301,57008400
2022-12-08,13.185999870300293,13.723443878290837,13.111502007794579,13.595733546836303,55567700
2022-12-09,13.148747444152832,13.329669188506957,13.031680851017951,13.297742120368934,61586200
2022-12-12,12.723050117492676,13.12214203087687,12.307994162193552,13.079572267380284,111293100
2022-12-13,12.409097671508789,12.877366082665658,12.403776324229367,12.824153624814665,102533100
2022-12-14,11.424673080444336,12.02597225122444,11.052187829509283,11.972759782535597,319501600
2022-12-15,11.727981567382812,11.903581969456104,11.084112749818589,11.17457362451957,132385600
2022-12-16,11.733301162719727,11.765229244686141,11.445955529624122,11.685410054713266,90767300
2022-12-19,11.908902168273926,11.978078667827575,11.515131604857629,11.759908504515076,63074100
2022-12-20,12.276067733764648,12.36652861278225,11.818441991094037,11.914224217694237,71875500
2022-12-21,12.54212760925293,12.621945784106748,12.158999760988701,12.504879195317358,74252800
2022-12-22,12.765620231628418,13.068929931740637,12.611305215318362,12.717729119511409,81894800
2022-12-23,13.366918563842773,13.420130005539763,12.840116359542481,12.840116359542481,68387900
2022-12-26,13.271139144897461,13.462702608298766,13.207283980468087,13.366921384069817,28765200
2022-12-27,13.36159896850586,13.468022880796129,13.063609578229125,13.436095808603381,50803200
2022-12-28,13.196638107299805,13.473342061648424,13.170032387242236,13.356275472474698,57293500
2022-12-29,13.037001609802246,13.329668586902178,12.999753196165143,13.297741520205113,57901800
2023-01-02,12.196248054504395,12.669836766911809,12.13239290628592,12.526164459570749,78424700
2023-01-03,11.887617111206055,12.29203034592708,11.775870854863447,12.20689082440088,96750300
2023-01-04,12.265423774719238,12.552770424910445,11.616234660686644,11.685410142245729,129504000
2023-01-05,12.707084655761719,12.792225188185,12.318635480390537,12.419739038001909,73886000
2023-01-06,12.632590293884277,12.941221358640082,12.531486716567098,12.739015218949026,51851500
2023-01-09,12.701766014099121,12.77094150065263,12.371849578757235,12.504880219389033,46385200
2023-01-10,12.818830490112305,12.829473183187156,12.435702673905254,12.744333668474479,52741100
2023-01-11,12.919933319091797,13.100855031434774,12.79754438548824,12.850756832932001,53536500
2023-01-12,13.106181144714355,13.116823841886891,12.829478122832633,12.92526036749854,58130000
2023-01-13,13.074254035949707,13.122145158164747,12.903974941382215,13.005078534385461,40002700
2023-01-16,12.792227745056152,13.037003653000934,12.68048147168848,12.989112537978118,31973700
2023-01-17,13.579767227172852,13.632979683231968,12.829474540074537,12.829474540074537,91797500
2023-01-18,13.340313911437988,13.851152154042028,13.303065490455648,13.750048572130426,69692900
2023-01-19,13.776653289794922,13.80858137539667,13.191319262968761,13.303064517745048,75553300
2023-01-20,14.032073020935059,14.154460971967662,13.52655615892278,13.77665340863418,114219500
2023-01-23,14.255558967590332,14.686577808794093,13.904357265008395,13.978855087952631,87678100
2023-01-24,14.154459953308105,14.649334084413198,14.032072011083445,14.617406000833816,65794000
2023-01-25,14.335382461547852,14.409879297301677,13.840508304169985,14.127853967037067,51832900
2023-01-26,13.968216896057129,14.473733723034577,13.728761343290293,14.415199917926415,73344800
2023-01-27,13.632979393005371,13.957573439663795,13.537197177126666,13.930967719672225,47681900
2023-01-30,13.702152252197266,13.872431263425929,13.574442993775767,13.755364696941964,40683200
2023-01-31,13.872435569763184,13.946932406565592,13.579768555230917,13.638301349171401,54048900
2023-02-01,13.680869102478027,14.090603674498102,13.542518144468541,13.872433528865205,56349200
2023-02-02,13.047645568847656,13.734083151582347,12.994433109230698,13.574446787674722,83823000
2023-02-03,13.19131851196289,13.505269882960034,12.99443272173429,13.058287874359117,71170700
2023-02-06,13.718120574951172,13.766011688685868,13.170033948289248,13.233889104916605,82794500
2023-02-07,13.632979393005371,13.909682331724442,13.547838856157398,13.787294395854165,55311800
2023-02-08,13.86178970336914,13.91500215245889,13.601049819266732,13.728759088116297,48713100
2023-02-09,13.79793930053711,14.005466791562304,13.723442460670285,13.861793444724867,38198300
2023-02-10,14.218317031860352,14.25556647040859,13.797940660535888,13.824546387412635,54683100
2023-02-13,14.260884284973145,14.308775396847167,14.032072435394547,14.202351493194081,36726900
2023-02-14,14.207671165466309,14.399234575432926,14.154458712442143,14.287489337530992,35839000
2023-02-15,14.22895622253418,14.260883289908042,13.994822026925108,14.143816699575094,72554100
2023-02-16,14.287491798400879,14.34070426059033,14.095927340496178,14.154461150398904,44115700
2023-02-17,14.069321632385254,14.191709585095621,14.032073213294561,14.191709585095621,61085700
2023-02-22,13.707476615905762,13.893719706042669,13.670228200867017,13.83518590244282,38608500
2023-02-23,14.127853393554688,14.25556369958185,13.712798451267695,13.712798451267695,73913400
2023-02-24,13.781972885131836,14.2076715045416,13.766009859303805,14.191707463770422,64409100
2023-02-27,13.915005683898926,14.228958096767954,13.734083920044121,13.750047963305418,76250600
2023-02-28,13.43077278137207,14.32473881053468,13.43077278137207,13.946931279545225,130248100
2023-03-01,13.462699890136719,13.531876388880201,12.872044559401395,13.468021237343388,109257700
2023-03-02,13.111499786376953,13.659586398286297,12.967827463983305,13.526555755924702,124516200
2023-03-03,13.675548553466797,13.696832925536828,13.010395433452715,13.212601535362024,87591800
2023-03-06,13.8139009475708,13.899041489545027,13.499949575983484,13.675549977352834,50227400
2023-03-07,13.356276512145996,13.718120016777034,13.265815635988236,13.68619193229083,59052500
2023-03-08,13.526555061340332,13.792616332401359,13.3722390369522,13.382881731381008,66220400
2023-03-09,13.468021392822266,13.957574177112045,13.45205836596118,13.489306781894662,68042300
2023-03-10,13.292423248291016,13.61169703395089,13.271138870550164,13.388205485483317,48118600
2023-03-13,12.872044563293457,13.2285667067024,12.824153453362166,13.06360798807542,58605500
2023-03-14,12.643231391906738,13.159389878884523,12.558091868589644,12.919935350158886,58916700
2023-03-15,12.419740676879883,12.494237510769675,12.132394006259416,12.414419329467293,93708800
2023-03-16,12.37717056274414,12.515522546731964,12.222854536969688,12.451667394528656,66821000
2023-03-17,12.510200500488281,12.51020050048828,12.164321067315626,12.292030349643538,93502700
2023-03-20,12.201569557189941,12.584697406562052,12.180284169197687,12.510200578475487,57575200
2023-03-21,12.451667785644531,12.558092704345189,12.281388727678072,12.345243881887116,43391200
2023-03-22,12.414419174194336,12.56873520239965,12.260104160932253,12.446346243327316,46435600
2023-03-23,12.132394790649414,12.595341896043122,12.020649532590113,12.435705523117461,74711200
2023-03-24,12.12707233428955,12.307993051617771,11.962113627549531,12.084501559690993,52556800
2023-03-27,12.334600448608398,12.430382666716268,12.148357359503448,12.297352033776045,39148700
2023-03-28,12.552772521972656,12.579378246645549,12.318638288066524,12.355886708585908,29091100
2023-03-29,12.717728614807129,12.79222646122338,12.488915758204827,12.616625047134278,49148600
2023-03-30,12.754976272583008,12.919934982389567,12.600661271567082,12.903970941618342,56116900
2023-03-31,12.478276252746582,12.888009912179047,12.350565926623073,12.770943297333112,59547800
2023-04-03,13.031683921813965,13.037005270248097,12.66451899940649,12.81883505916595,73931200
2023-04-04,12.914613723754883,13.17535363514187,12.824152855319142,13.106177139603455,57505700
2023-04-05,12.957186698913574,13.05296893807111,12.382494278911768,12.872047156316523,93626400
2023-04-06,12.770941734313965,12.99443325526219,12.744336011678115,12.951863490078875,29565400
2023-04-10,13.042325019836426,13.12214320667667,12.786906415970321,12.786906415970321,41455900
2023-04-11,13.654263496398926,13.675548883926417,13.106176946883691,13.143426375056801,80565000
2023-04-12,13.755366325378418,13.915002663568185,13.39884422280773,13.824541801275828,71563400
2023-04-13,13.851150512695312,13.883077581904944,13.728761553329138,13.755368290123188,38852800
2023-04-14,13.994821548461914,14.048034002227878,13.686190534551097,13.728760294575238,38421100
2023-04-17,14.212990760803223,14.260881864548942,13.946929524412807,13.962893563975738,49427100
2023-04-18,14.574836730957031,14.697225692267164,14.111890667762898,14.212993224356458,99478800
2023-04-19,14.106569290161133,14.532266935285094,14.074642220512647,14.452448753692256,73217800
2023-04-20,14.202351570129395,14.356666586492443,13.989502746726957,14.111890693315452,54738400
2023-04-24,14.473732948303223,14.505660015315446,14.101246778369042,14.154459233351519,43820900
2023-04-25,14.415200233459473,14.633370401892225,14.21831443965899,14.452448650273372,53854100
2023-04-26,14.234278678894043,14.48437592020906,14.234278678894043,14.43116447542013,40249400
2023-04-27,13.888399124145508,14.463091452699095,13.787295552795888,14.287491047167256,115632700
2023-04-28,14.20619010925293,14.415985244326842,13.876509916583839,14.14624815210421,81138500
2023-05-02,13.630746841430664,14.230164034861904,13.570804893428027,14.206187941639387,67911100
2023-05-03,13.582792282104492,13.780599892298346,13.438932305899641,13.546827573877644,51133700
2023-05-04,13.798585891723633,14.014375332449717,13.5528249013844,13.720661006027164,57854400
2023-05-05,14.386014938354492,14.48791592323308,13.894492944221687,13.96642237866672,83365200
2023-05-08,14.6917142868042,14.763643703593646,14.511888458235653,14.655749578409477,59352300
2023-05-09,14.739672660827637,14.865549754971319,14.529876360623645,14.63177735539142,33978200
2023-05-10,14.703702926635742,14.877533303558648,14.583819040739105,14.739667635085745,41500700
2023-05-11,15.24317741394043,15.273147812364705,14.344051741643172,14.463934478637691,136878100
2023-05-12,15.734700202941895,16.028414469534443,15.273148722597536,15.333090666315858,117237500
2023-05-15,15.381043434143066,15.674757690070809,15.225194843453306,15.620810057012912,81996700
2023-05-16,15.764670372009277,16.202245754429025,15.632799012400463,15.650781938241538,117782700
2023-05-17,15.381043434143066,16.040402504508226,15.291131093479054,15.944495855360287,107129200
2023-05-18,15.470954895019531,15.494932127591722,15.195223580223594,15.33908354576461,63010500
2023-05-19,15.446983337402344,15.692744326878941,15.369058451979397,15.632802371160762,69245500
2023-05-22,15.357069969177246,15.590842323532357,15.285139398369255,15.512917443215562,38010200
2023-05-23,15.734700202941895,15.842595472975377,15.297125957403857,15.37504968392944,58285300
2023-05-24,15.974465370178223,16.12431964408852,15.614814884134033,15.734698760581221,54796400
2023-05-25,15.854584693908691,16.088357025681837,15.698736091627419,16.064379789962782,49182700
2023-05-26,16.064382553100586,16.13031881937176,15.902540757349643,16.070376863061394,39866600
2023-05-29,15.998446464538574,16.076370202730544,15.920521583048952,16.03441117883505,17977100
2023-05-30,15.818617820739746,16.064378754531877,15.740694096270452,16.01642542948213,45736700
2023-05-31,15.656777381896973,15.800637369162333,15.506923085583361,15.74668973102563,49207600
2023-06-01,16.16028594970703,16.184263184689364,15.68075268303523,15.764670718878422,63148200
2023-06-02,16.292158126831055,16.543913372579123,16.250199109755957,16.442012412554966,39919300
2023-06-05,16.46599006652832,16.519937705972847,16.32213007577544,16.50795023088329,39321700
2023-06-06,16.81365394592285,16.933537857097495,16.310143348265694,16.454004498994347,75426600
2023-06-07,17.305173873901367,17.419062310874782,17.041430003962542,17.173301367283205,82330400
2023-06-09,18.150352478027344,18.216287589862052,17.39508670002204,17.4430400283098,80442400
2023-06-12,18.468042373657227,18.57593764535083,18.006492029508767,18.114386157904868,119350400
2023-06-13,18.4320068359375,18.67470077151518,18.259565734830204,18.67470077151518,79174900
2023-06-14,19.223957061767578,19.223957061767578,18.444779294828436,18.483100351611668,98326000
2023-06-15,18.770505905151367,19.702964489963747,18.70025305223696,19.287829344290152,120579500
2023-06-16,18.9301700592041,19.10899801885462,18.54696920278499,18.66831557217366,94572000
2023-06-19,19.428327560424805,19.45387370871669,18.872684521631946,18.923778036381194,34573900
2023-06-20,19.52412986755371,19.63909059275929,19.096221178269406,19.351688779745345,55605300
2023-06-21,20.341630935668945,20.437431150554,19.70296121221413,19.754054741363884,89294300
2023-06-22,20.086162567138672,20.239443149072272,19.84985424197076,20.092548192157516,43455800
2023-06-23,19.262279510498047,19.97759016455819,19.08983838610419,19.926496633422886,76023400
2023-06-26,19.696571350097656,19.830691386748295,19.236729658225354,19.236729658225354,53635000
2023-06-27,19.54329490661621,19.926497006386313,19.37724062277697,19.75405587876488,48399600
2023-06-28,19.72850799560547,19.913722806021795,19.5113601852664,19.530520716119565,36794600
2023-06-29,19.817922592163086,19.875402966568533,19.64548146894674,19.798762061305982,32071800
2023-06-30,18.85991859436035,19.849856242600996,18.725797310297,19.798762710140174,104262900
2023-07-03,19.211185455322266,19.275052672040704,18.98126396240223,18.98126396240223,31266900
2023-07-04,19.255889892578125,19.409170463900423,19.134542316802506,19.134542316802506,18308000
2023-07-05,19.230344772338867,19.511358559102472,18.942942924324086,19.26227776960017,53585500
2023-07-06,18.936555862426758,19.160090495170227,18.617221020840585,19.064290286327523,47685700
2023-07-07,18.840755462646484,19.287824723602697,18.751342097721537,19.006809724768342,55533500
2023-07-10,18.87268829345703,18.949329189980805,18.527807304514354,18.591674515256546,25590200
2023-07-11,18.61722183227539,18.859917004631612,18.52142161925722,18.859917004631612,40877000
2023-07-12,18.629993438720703,19.013195466172704,18.61083291099012,18.649153966451284,40181800
2023-07-13,18.923782348632812,18.981262718094726,18.546968352844157,18.56612766388762,35886500
2023-07-14,18.553354263305664,18.891849642217224,18.432007897610198,18.840756115038666,34451100
2023-07-17,18.51503562927246,18.578902846949966,17.850819732657634,18.144607228541958,52160800
2023-07-18,18.412845611572266,18.64915391358356,18.336204719032867,18.52141949873978,35640400
2023-07-19,18.585285186767578,18.60444449471186,18.24678986782037,18.400070422202436,46517700
2023-07-20,18.604446411132812,18.744954514080778,18.44477899826699,18.56612657313141,33177100
2023-07-21,18.955717086791992,19.070677828886502,18.604448017262566,18.617221703754353,52059200
2023-07-24,19.3516902923584,19.421944345067754,19.00680930794987,19.03235546101146,45268100
2023-07-25,19.79875946044922,19.830692456183662,19.287824219703907,19.479424630441972,56261000
2023-07-26,19.79875946044922,19.939266347112753,19.562451150250947,19.766826464714775,45880200
2023-07-27,18.770505905151367,19.728510649705527,18.764119060674414,19.702964489963747,86471900
2023-07-28,19.006811141967773,19.128158730675164,18.725796122180178,18.796050181668534,43608600
2023-07-31,19.869014739990234,19.8945608945224,19.351691406348884,19.351691406348884,91290800
2023-08-01,19.54329490661621,19.856242942948125,19.128159806101056,19.856242942948125,75752400
2023-08-02,19.498586654663086,19.530519652847346,19.03235684127863,19.485812968123064,62068400
2023-08-03,19.747669219970703,19.881789286155378,19.556068777373763,19.75405606381272,57304400
2023-08-04,19.160091400146484,19.888174483538993,18.99403712849865,19.607160686749555,120685800
2023-08-07,19.281436920166016,19.479424168993994,19.070675986080577,19.070675986080577,44984900
2023-08-08,19.30059814453125,19.40917204365901,18.98126329041029,19.102610876062677,34771300
2023-08-09,19.453880310058594,19.6199345938827,19.26227986927395,19.294212870016093,48561500
2023-08-10,19.562450408935547,19.709345350978257,19.23672996665709,19.35168947784414,54020200
2023-08-11,19.517744064331055,19.824306420588552,19.26227644925454,19.549678277569168,39403200
2023-08-14,19.568838119506836,19.63270532955421,19.332531025946984,19.466651070697328,27992700
2023-08-15,19.7093448638916,20.53322925844783,19.70295802151144,20.469360834646228,87366200
2023-08-16,20.143644332885742,20.424658143478897,19.72212118066428,19.79876208602251,74461000
2023-08-17,20.079776763916016,20.55877784591309,19.99674901638157,20.277764040230252,57570600
2023-08-18,20.130868911743164,20.2330559646421,19.91372111979148,20.060614856062983,45579700
2023-08-21,19.99036407470703,20.456592732195144,19.779603091310626,20.2458329669647,42236900
2023-08-22,20.294889450073242,20.294889450073242,20.04957334491326,20.221957395776887,31372200
2023-08-23,21.37560272216797,21.37560272216797,20.61313453149499,20.68606657937517,95507400
2023-08-24,21.34244728088379,21.69384687403773,21.1103930932169,21.39548968332248,49332300
2023-08-25,21.196584701538086,21.528093397430325,21.083872124314873,21.46842195862977,34079000
2023-08-28,21.435272216796875,21.441901252727504,21.12365441483557,21.282776569181014,24956100
2023-08-29,21.481685638427734,21.54798612250876,21.2098483423727,21.481685638427734,40607500
2023-08-30,21.627544403076172,21.68058680681983,21.415379846503583,21.488311887050603,34637900
2023-08-31,21.176698684692383,21.740261667137055,21.1369168756252,21.68721925504748,48971500
2023-09-01,21.634180068969727,21.673959350116736,21.18995870561665,21.35571245493318,50089200
2023-09-04,21.408750534057617,21.693847127494074,21.355708130999215,21.667325925964875,21667400
2023-09-05,22.124807357788086,22.204370969880266,21.36234171091388,21.39549195135168,75082900
2023-09-06,22.224258422851562,22.409901774408723,22.02535447058304,22.11154458140545,57856500
2023-09-08,22.144699096679688,22.323710897418277,22.05187488436927,22.19773897451304,39074100
2023-09-11,22.124807357788086,22.33697193163145,22.098288682958582,22.1911103678649,30276200
2023-09-12,22.23089027404785,22.396644010130405,22.204371598467628,22.24415087643861,31963000
2023-09-13,21.89938735961914,22.34360877995715,21.89938735961914,22.310458531681615,47685700
2023-09-14,22.456317901611328,22.54251056193635,21.945796035380937,21.945796035380937,46502100
2023-09-15,22.469573974609375,22.53587698041352,22.283930616759886,22.456313373448545,54801500
2023-09-18,22.628700256347656,23.013247600346705,22.44305435619524,22.542507607319795,52363400
2023-09-19,22.681737899780273,22.953573892964275,22.588916223454174,22.681737899780273,43247200
2023-09-20,22.734783172607422,22.94694775361899,22.549137267321317,22.641961484565023,39102300
2023-09-21,22.383380889892578,22.734780490716467,22.29719077784988,22.542505571480888,60109400
2023-09-22,22.562395095825195,22.66847737328857,22.416533545063675,22.55576606000917,31020500
2023-09-25,22.708261489868164,22.761303898605625,22.496096913320823,22.50935751550519,26767200
2023-09-26,22.184478759765625,22.60217887024524,22.184478759765625,22.54250742589101,60687500
2023-09-27,22.887271881103516,22.887271881103512,22.39663980164381,22.449682201239806,53708700
2023-09-28,22.840862274169922,22.900533712323437,22.6817375960269,22.840862274169922,30765000
2023-09-29,22.966835021972656,22.99998526010855,22.70825962363121,22.87401334351173,40227600
2023-10-02,22.6220703125,23.05303105933413,22.496098377352236,22.907166955014624,34403400
2023-10-03,22.522619247436523,22.69500202607758,22.29719405739737,22.522619247436523,37947300
2023-10-04,21.627544403076172,22.350230714276865,21.475051286114688,22.27729867372985,88895900
2023-10-05,21.700483322143555,21.83971588230243,21.40875759668661,21.554619194814173,35342000
2023-10-06,22.217628479003906,22.42316401122549,21.435273213556652,21.61428501321923,48132800
2023-10-09,23.172374725341797,23.258567383404774,22.60881045856263,22.6419632318802,77528400
2023-10-10,23.344755172729492,23.43094782215452,23.033139874225743,23.13922216228683,48326500
2023-10-11,23.285078048706055,23.371270677109873,22.867380564011953,23.29833864762977,41578500
2023-10-13,24.054180145263672,24.107222552123908,23.72267268999068,23.729304255448795,66943700
2023-10-16,24.31938934326172,24.398950431620527,23.84201775470608,24.133745960690703,49626600
2023-10-17,24.97577476501465,24.97577476501465,24.286241061559004,24.33265191094924,68814800
2023-10-18,25.539337158203125,25.599008607162535,25.134897618500617,25.187940030554056,85931700
2023-10-19,25.41999053955078,25.50618318192086,25.14152297543247,25.43325114062318,56016600
2023-10-20,25.095111846923828,25.76475828275302,24.79012561337836,25.652044439537775,66242400
2023-10-23,23.437576293945312,24.39894842901207,23.377904850273552,24.259715903511687,104499100
2023-10-24,23.788976669311523,23.99450968127912,23.318234141421623,23.636483537167372,78634900
2023-10-25,23.914945602416992,24.05417811487087,23.702781051287,23.921577167315338,32846500
2023-10-26,23.66963005065918,23.82212315878836,23.30497239824584,23.76908075811689,47858600
2023-10-27,23.49724578857422,24.173521251024958,23.31823147240776,24.007767535596862,45843100
2023-10-30,23.25856590270996,23.682895070465445,23.112701802843507,23.590073381169102,31346900
2023-10-31,23.033140182495117,23.324865846267183,22.86738644710618,23.212151991018036,36965200
2023-11-01,23.285078048706055,23.563545567702757,23.139216518946483,23.218777583288126,46335300
2023-11-03,23.563552856445312,23.79560708638835,23.23867440532364,23.72930660046217,30959700
2023-11-06,23.54366111755371,23.954732231252642,23.54366111755371,23.696156790533244,33583600
2023-11-07,23.152477264404297,23.483984688207574,22.980094516875003,23.25193050322565,48919900
2023-11-08,22.65521812438965,23.072918223353092,22.482835361675214,22.9403147363106,59742900
2023-11-09,23.12596321105957,23.30497755916748,22.781195117948194,22.874016810477904,56231100
2023-11-10,23.01987648010254,23.245301631041826,22.880641438933463,22.980094678454098,40004800
2023-11-13,23.663002014160156,23.702783820595283,22.98672647997049,22.993358045643635,44120000
2023-11-14,23.987884521484375,24.027666334682134,23.5304050511177,23.66300603670687,50888600
2023-11-16,23.570178985595703,24.193414604901843,23.53702874672223,23.855275592469553,72361200
2023-11-17,24.339275360107422,24.478507876310683,23.749192528311788,23.755824093388714,87666300
2023-11-20,24.35917091369629,24.677417793218986,24.047553070971382,24.37906055329103,67796900
2023-11-21,24.107223510742188,24.2265664017222,23.808866283292158,24.2265664017222,49597800
2023-11-22,24.225210189819336,24.225210189819336,23.598221063768914,24.046071565943443,58578300
2023-11-23,24.232101440429688,24.287222639931173,23.984063927643373,24.204543469002402,24068100
2023-11-24,24.30100440979004,24.679953480153532,23.915163874910263,24.101193991995675,53456200
2023-11-27,24.1632022857666,24.390573288556336,23.942722746995397,24.114972550930617,36996000
2023-11-28,24.52836799621582,24.542148294225573,24.21832049012724,24.232098159813894,36875900
2023-11-29,24.2734432220459,24.824642095471617,24.073632809077967,24.73507408551238,37528600
2023-11-30,24.741962432861328,24.748851268751533,24.280334206835995,24.431912251332037,58808800
2023-12-01,24.57660484313965,24.80397588366873,24.480145357457197,24.61105691230383,36388100
2023-12-04,24.052961349487305,24.49392040563724,24.011620452352012,24.418130075050854,35601900
2023-12-05,23.942724227905273,24.232102654819887,23.89449449008617,24.05985284023064,43234200
2023-12-06,23.081472396850586,23.97717080001894,23.081472396850586,23.80492100601259,64179200
2023-12-07,23.026348114013672,23.549988889449093,22.764530354618884,23.18482021617752,64723900
2023-12-08,23.763586044311523,23.798035482241822,23.067695307830757,23.22616482496904,53290700
2023-12-11,23.674015045166016,23.901383434727887,23.59133586971839,23.742913919985103,30613300
2023-12-12,23.481096267700195,23.839373573413162,23.288174685789038,23.80492413574733,30371500
2023-12-13,23.81870460510254,23.853154043012253,23.52243470809646,23.570664446834783,38992900
2023-12-14,24.335453033447266,24.624834082009006,24.004733712464937,24.114973486125713,57950000
2023-12-15,24.390573501586914,24.65928277754105,24.11497276155406,24.30789170258299,56570100
2023-12-18,24.6937313079834,25.010670307579524,24.514592673353565,24.631721275164736,44474300
2023-12-19,24.976224899291992,24.976224899291992,24.67306615015921,24.776414469299947,32183000
2023-12-20,25.065793991088867,25.313834146965807,25.003783952119633,25.058902526579168,38947900
2023-12-21,25.072683334350586,25.27249375599509,24.852203775406192,25.265602291346013,30511900
2023-12-22,25.313831329345703,25.355169598508194,25.058899737334873,25.148470367725796,31234700
2023-12-26,25.720340728759766,25.747898698517385,25.375841137718183,25.396510272117222,23466800
2023-12-27,25.741010665893555,25.78924039987756,25.582541164471344,25.713450066953158,19588500
2023-12-28,25.6583309173584,25.741010083987145,25.520530554094936,25.6514394536174,21421900
2024-01-02,26.0303897857666,26.106180120775623,25.768571973601638,25.79612994497664,24043800
2024-01-03,26.843414306640625,26.953654098581335,25.95460450568642,26.044175157989482,52300200
2024-01-04,26.61604118347168,27.112118845402218,26.533359382880345,26.95364933675407,45344900
2024-01-05,26.678049087524414,26.967427481495186,26.464458395553162,26.78139738751828,35783700
2024-01-08,26.47823715209961,26.47823715209961,25.913258067743975,26.44378772077512,35158100
2024-01-09,26.25086784362793,26.698718364293793,26.202638111042166,26.64359716801103,27279000
2024-01-10,26.009719848632812,26.367999748701525,25.84435888386134,26.250868517754363,27382000
2024-01-11,26.230199813842773,26.285321012446907,25.975270841107182,26.168189779574828,26564400
2024-01-12,26.299100875854492,26.684941413273737,26.299100875854492,26.526471896563233,24479500
2024-01-15,26.581592559814453,26.60915053253034,26.085512254398452,26.175082893614913,13818300
2024-01-16,26.25086784362793,26.72627896243517,26.237090172880542,26.602258899122265,31277700
2024-01-17,26.09929084777832,26.285320950141198,26.057949948923213,26.16130088189928,27577300
2024-01-18,25.995941162109375,26.27843074703152,25.878812552218417,26.27843074703152,22987200
2024-01-19,25.85814094543457,26.113072559676827,25.651441696626872,26.051062522202162,31745200
2024-01-22,25.975271224975586,26.05106156001461,25.651440749199185,25.837470854752215,22753700
2024-01-23,26.299100875854492,26.43690125552734,25.789242887885678,26.07173248346938,32498500
2024-01-24,26.09929084777832,26.554030221890883,26.023500514038993,26.381780419146377,25415300
2024-01-25,27.063888549804688,27.063888549804688,26.27154102294187,26.361109029245856,48655300
2024-01-26,27.532405853271484,27.621976480166175,26.80895725960999,26.9398661540536,41378200
2024-01-29,27.95269775390625,27.966478053512194,27.442839810103386,27.559968414268795,30547500
2024-01-30,27.78044891357422,28.06982995867577,27.594418804935398,27.677097977111487,34829000
2024-01-31,28.08360481262207,28.414326724789902,27.683986663597725,27.7184360961876,57978900
2024-02-01,28.64169692993164,28.855287631082632,28.021596590024515,28.097386923604653,61629200
2024-02-02,28.26963996887207,28.7863894352979,28.26275113244882,28.648591680243307,36485600
2024-02-05,28.393661499023438,28.71749202222771,28.200742529450086,28.25586110861797,27703000
2024-02-06,28.655479431152344,29.179117714165187,28.434999877428663,28.559019954938684,35474600
2024-02-07,29.075767517089844,29.075767517089844,28.53834633994101,28.607247838715697,30648100
2024-02-08,28.841506958007812,29.248016591499823,28.841506958007812,29.144665660079184,25589100
2024-02-09,28.45566749572754,29.165338485458047,28.45566749572754,29.034426950448115,30388000
2024-02-14,28.242076873779297,28.5245664257359,28.152506246576504,28.317864573987418,18315300
2024-02-15,29.14466667175293,29.144666671752933,28.145617270526643,28.255857041317743,33246400
2024-02-16,29.413373947143555,29.551174308335685,28.979306357624765,28.999975491890435,37268900
2024-02-19,29.558073043823242,29.58563102018283,29.323813160661196,29.461610927430932,12826700
2024-02-20,29.248018264770508,29.502947247649562,29.006866953767283,29.468497811312965,42375400
2024-02-21,29.289356231689453,29.434048068112315,29.027538415602063,29.24801795984591,20873800
2024-02-22,29.068878173828125,29.406488971646578,28.80016887981121,29.399597507104613,32162800
2024-02-23,28.86906623840332,29.103326061044726,28.669255848554393,29.034424567136522,43924500
2024-02-26,29.413373947143555,29.440934545046638,28.820836862166956,28.869066594335713,25885700
2024-02-27,29.372037887573242,29.502946794973134,29.199788080209633,29.420267623369174,27678100
2024-02-28,27.85624122619629,29.585628270327124,27.44284270766283,29.29624983301844,112322000
2024-02-29,27.656423568725586,28.4143241588779,27.456613198095365,27.966473690682307,61899800
2024-03-01,27.68398666381836,28.14561484283745,27.65642606641695,27.80111526028951,31248500
2024-03-04,27.61508560180664,28.076713744102353,27.573744708993267,27.74599448656445,21988000
2024-03-05,27.532405853271484,27.814895404256383,27.291257198158725,27.628865315316588,30293300
2024-03-06,28.138729095458984,28.138729095458984,27.63575996514434,27.697770001940587,45481000
2024-03-07,27.828678131103516,28.207627177199146,27.7528877962197,28.000927936449116,50199800
2024-03-08,25.286270141601562,25.534310264087978,24.183869889253412,24.735071329589115,230369800
2024-03-11,24.562824249267578,26.00283278311555,24.321672935407296,24.576601921306636,127528700
2024-03-12,25.368953704833984,25.651443309239085,24.91421427753983,25.045123196738974,76139100
2024-03-13,25.065793991088867,25.720343818358877,25.01756425281542,25.42407392420849,45140600
2024-03-14,24.955554962158203,25.437852359354753,24.907325222438548,25.313834906021132,39983400
2024-03-15,25.02444839477539,25.11401901833404,24.762627987316403,25.01066809666459,59362500
2024-03-18,25.038230895996094,25.30005132649262,24.459471466033083,25.086460629466067,35326100
2024-03-19,24.852201461791992,25.389620008147546,24.500813018787994,25.072681000210856,48540800
2024-03-20,25.286270141601562,25.313830739283,24.67306129896751,24.962439689652825,39017900
2024-03-21,24.59726905822754,25.53430827999972,24.58348876045759,25.389616467576772,47220200
2024-03-22,24.838420867919922,24.955552099749593,24.411242095833206,24.735072563942037,34426800
2024-03-25,25.217369079589844,25.375841204812478,24.91421038486808,24.927990683944973,26951500
2024-03-26,24.983110427856445,25.26560000142099,24.92110039325333,25.26560000142099,24837800
2024-03-27,25.182920455932617,25.25871078913127,24.88665058705972,24.99689035489684,19995700
2024-03-28,25.741010665893555,25.851250433331764,25.127801795248313,25.14847093029192,31958200
2024-04-01,25.94082260131836,25.982160873852635,25.637661251674828,25.837471663335602,23697800
2024-04-02,26.609149932861328,26.62982169733685,26.02350162975073,26.057951066111908,45930700
2024-04-03,26.47134780883789,26.877857438998298,26.333550072504202,26.664269370687077,31437200
2024-04-04,26.168193817138672,27.201692795516934,25.789244717398077,26.505804639871386,165566800
2024-04-05,26.25086784362793,26.574698300980884,25.610098392619015,26.113070109567634,65469200
2024-04-08,26.61604118347168,26.912311064781896,25.995940820654138,26.202640065485486,36384400
2024-04-09,26.6849365234375,26.96742606725688,26.223308358695913,26.80206774460918,36989300
2024-04-10,27.27747917175293,27.37393864183312,26.636709688136296,26.68493942317639,55821500
2024-04-11,27.07767105102539,27.394610087537572,27.0087721746788,27.28437030838883,33195300
2024-04-12,26.829627990722656,27.59441752578907,26.664269654035706,27.36704915576367,39613500
2024-04-15,27.084562301635742,27.181021779088226,26.616042586874844,26.829630678855736,28692000
2024-04-16,27.208581924438477,27.360159974325935,26.836521693369683,26.877859966828265,37303000
2024-04-17,27.408388137817383,27.525519371976685,27.10522942713329,27.208580361490117,39221700
2024-04-18,27.456619262695312,27.966479867899924,27.318821514342755,27.559970202283303,45078800
2024-04-19,27.925134658813477,28.297194829949884,27.44972619235462,27.594415382799948,80546900
2024-04-22,28.59346580505371,28.655475836028927,27.91824692794762,28.083605258332682,51775500
2024-04-23,28.538352966308594,28.683044833169966,28.221413883324715,28.524575291678026,35456900
2024-04-24,28.40743637084961,28.931077228632308,28.393656071610767,28.62791590202443,45388300
2024-04-25,29.089550018310547,29.26868867203489,28.30409127110046,28.524570827218252,66372400
2024-04-26,29.500381469726562,29.592457542364013,29.08957055394252,29.245395756746294,31899100
2024-04-29,29.854520797729492,29.854520797729492,29.26663690614382,29.37996356330338,27886000
2024-04-30,29.76244354248047,29.89701811028084,29.479125534360897,29.748277371882413,36635400
2024-05-02,29.875770568847656,30.017429574631027,29.634951069592162,29.925350815583716,33244700
2024-05-03,29.495716094970703,30.087256599698176,29.170369522542504,30.087256599698176,45114200
2024-05-06,29.69536590576172,29.843251758836523,29.370019285547578,29.480931559837654,22977200
2024-05-07,30.05768585205078,30.057685852050778,29.577057538770553,29.687972632816148,23808600
2024-05-08,30.516128540039062,30.56049514046596,29.806279857336264,29.835854770266266,25352000
2024-05-09,30.8118896484375,30.937593574287785,30.272108839050322,30.36084201754013,27206400
2024-05-10,30.7453556060791,31.122461884663508,30.68620013141347,30.93760525736584,27968700
2024-05-13,30.774927139282227,31.033728081458975,30.693589780903476,30.86366034152521,18394300
2024-05-14,30.22035026550293,30.538303780949374,29.695358301184307,30.13901292610677,53613200
2024-05-15,28.39397621154785,28.697140936849028,27.72849129225845,27.802432807429277,131281100
2024-05-16,27.565820693969727,28.578837091478274,27.53624577589401,28.320036108324704,83168500
2024-05-17,27.12955093383789,27.66933181429728,26.9964539692657,27.61757219704005,67207900
2024-05-20,27.173921585083008,27.53624178065351,27.08519120235293,27.15913271784666,40400400
2024-05-21,27.122163772583008,27.425328519467598,27.040826407691597,27.20350113747442,27967400
2024-05-22,27.49187660217285,27.69891511282389,26.92251787719434,26.989066372859053,36528800
2024-05-23,27.21828842163086,27.883770528880216,27.04082483395154,27.684125050499,47987800
2024-05-24,27.07040023803711,27.49926607191594,27.04082250585573,27.410535696059593,23684700
2024-05-27,27.36617088317871,27.417933328217043,27.129554651666222,27.151739362593503,13623300
2024-05-28,27.950319290161133,28.312639492338125,27.661943425514174,27.684125316429153,46437700
2024-05-29,27.913347244262695,28.0390483812338,27.684124039524406,27.88376951061493,29246800
2024-05-31,28.682350158691406,28.756291668935816,28.024261127177624,28.046443016113386,53929400
2024-06-03,28.52707290649414,28.78587102765901,28.423550837340226,28.71192951323704,43454500
2024-06-04,28.209121704101562,28.416160218551617,27.87637921967239,28.393978326485744,34090200
2024-06-05,28.24608612060547,28.416153836520543,28.149959908762142,28.290449894773488,18627100
2024-06-06,28.379182815551758,28.630587875975877,28.29784546943108,28.305238491493167,25944100
2024-06-07,27.314411163330078,28.44573551327472,27.255258516002755,28.260878906758897,46003600
2024-06-10,27.728490829467773,28.142570641302157,27.447507999269874,27.499267623163178,32560900
2024-06-11,27.846799850463867,28.098204954993967,27.72849173190194,27.95771494566669,31131300
2024-06-12,27.240869522094727,28.176275924321402,27.08116662682347,28.100227755445093,52182400
2024-06-13,26.96709442138672,27.52225423783681,26.503192997777905,27.30171336355806,46233500
2024-06-14,26.3739070892334,26.997511344544378,25.970846580595033,26.989907688233984,53534900
2024-06-17,26.472768783569336,26.71612637040339,26.06210176789264,26.168570349501127,40941800
2024-06-18,27.30171012878418,27.48422689284169,26.480375987370397,26.533610285308143,36180700
2024-06-19,27.324527740478516,27.469020440229887,27.05074965585313,27.30171386711042,20776200
2024-06-20,27.75800323486328,28.05459513402646,27.529855843280178,27.54506605619258,39442900
2024-06-21,27.902498245239258,28.107831785194215,27.666747177960833,27.79602964697781,43340200
2024-06-24,28.18388557434082,28.18388557434082,27.742798023514812,28.016576103192747,24599400
2024-06-25,28.161069869995117,28.229514392514382,27.955736302437334,28.17628008622741,18572600
2024-06-26,28.206695556640625,28.22950942644965,27.91770730116938,27.986151811648053,25553200
2024-06-27,28.678205490112305,28.86832884059205,28.381613527532238,28.52610622951809,37731000
2024-06-28,28.936769485473633,29.028027869181308,28.67820164742545,28.746646160469137,22019700
2024-07-01,29.377859115600586,29.476721162992046,29.03563652564421,29.13450147408759,24963500
2024-07-02,29.286596298217773,29.735287470324803,29.23336199822641,29.52995682810199,33346200
2024-07-03,28.777067184448242,29.499536414631795,28.71622632668249,29.43109190017121,38509400
2024-07-04,28.381614685058594,28.868330017968784,28.2295154182611,28.82270226866609,32698800
2024-07-05,28.533708572387695,28.63257351232486,28.221906439710487,28.480474274202685,32758800
2024-07-08,29.233362197875977,29.294203056025484,28.3587966198652,28.5032893063926,48845900
2024-07-09,29.22575569152832,29.431089216184553,29.104076888145162,29.24096590458265,34832500
2024-07-10,28.95198631286621,29.32462939145759,28.883541784188303,29.271395080380593,32899700
2024-07-11,29.149715423583984,29.24097382557918,28.98240593571588,29.02043002812619,17229400
2024-07-12,29.0128231048584,29.28659828003235,29.005216546601034,29.22576031923324,15779100
2024-07-15,29.278993606567383,29.453906726740136,29.050846184648663,29.12689435827095,22969200
2024-07-16,29.202945709228516,29.27899388357028,28.982401942164753,29.16491872100574,19637000
2024-07-17,29.35504150390625,29.423486019942867,29.157314513718152,29.22575902975477,24606100
2024-07-18,29.30180549621582,29.400670436078205,29.16491647211457,29.278991625882835,21315500
2024-07-19,29.42348289489746,29.484323747602303,29.195335499357373,29.278990221300763,30593100
2024-07-22,28.83790397644043,29.347435985968126,28.807486449837846,29.347435985968126,25807800
2024-07-23,28.46526527404785,28.89874623549615,28.46526527404785,28.83790537723235,25284700
2024-07-24,28.69341468811035,28.898748247468603,28.518501560001912,28.640180383949172,23863800
2024-07-25,28.6553897857666,28.708624088415934,28.343587626941115,28.564131395660876,19562600
2024-07-26,28.624963760375977,28.997606707136836,28.45765432700767,28.647777628180254,32043200
2024-07-29,28.046995162963867,28.685809683956112,27.697166022120314,28.526103877919155,39790000
2024-07-30,27.872085571289062,27.963343971253764,27.67435565347128,27.765614053435982,16040700
2024-07-31,28.450056076049805,28.450056076049805,28.10783348871723,28.176278006183743,28561100
2024-08-01,28.016576766967773,28.769466503919734,27.97855267745652,28.708625639860067,29756300
2024-08-02,27.172428131103516,27.986155815973614,27.172428131103512,27.925317854094178,36483900
2024-08-05,27.149608612060547,27.149608612060543,26.313064327030947,26.465163551677367,44765900
2024-08-06,27.62111473083496,27.8796825530277,26.875831690644496,27.07355866006175,36009000
2024-08-07,27.583097457885742,27.948133961501533,27.377763880654562,27.910109869655518,25020500
2024-08-08,28.024179458618164,28.100230536071706,27.499440078922603,27.643932774506375,29870300
2024-08-09,27.76561164855957,28.100230587868,27.05835548377579,27.47662625685935,66082100
2024-08-12,28.396820068359375,28.754252849336236,27.98615298822235,27.98615298822235,39655100
2024-08-13,28.221906661987305,28.617363523798925,28.11543806477873,28.54131245361302,28557200
2024-08-14,28.716228485107422,28.8987481710718,28.25993362177445,28.282747494625504,37955500
2024-08-15,29.157310485839844,29.324619924383803,28.898742672204378,28.936766753404886,33409000
2024-08-16,29.278993606567383,29.484327156609794,28.921560808228538,29.028029411720482,35472700
2024-08-19,29.233362197875977,29.499536600702395,29.20294466985301,29.355041013123206,28138200
2024-08-20,29.119293212890625,29.41588517707143,28.815094690060395,29.278996131903043,27322600
2024-08-21,28.944377899169922,29.4995376956574,28.853116608558246,29.415882963122645,38491900
2024-08-22,29.032913208007812,29.173698051433398,28.829558980623464,29.15805495954003,26334300
2024-08-23,28.85301971435547,29.353586678633693,28.85301971435547,29.228444937564134,29239000
2024-08-26,30.949146270751953,30.98043245208042,29.494371658737283,29.61169334691181,102270300
2024-08-27,30.534616470336914,30.792720021288375,30.46422405032931,30.698864455816448,35073100
2024-08-28,30.972614288330078,31.175971515347925,30.331262388255226,30.456404149645074,43284500
2024-08-29,30.76143455505371,31.152502863252526,30.722325337342298,31.0117180336118,25356600
2024-08-30,30.79271697998047,31.011717255937782,30.409471718380257,30.675398280631445,84437200
2024-09-02,30.50333023071289,30.816186093191696,30.41729471935049,30.7614367648001,15288400
2024-09-03,30.135725021362305,30.362545372339614,30.01840631071567,30.33908222693321,35866300
2024-09-04,30.1435489654541,30.440758761589,30.12790587350784,30.299976901302042,28851300
2024-09-05,29.95583152770996,30.41729224636042,29.95583152770996,30.22958113102615,26206600
2024-09-06,29.369232177734375,30.073156393737154,29.306662793875628,30.010584026263707,32971700
2024-09-09,29.68990707397461,29.916727422790064,29.41616043479361,29.596051509628925,30521800
2024-09-10,29.197162628173828,29.658620388218434,28.93905610108324,29.658620388218434,37263500
2024-09-11,29.165874481201172,29.588228960560976,28.837375558272097,29.53347665372751,32907000
2024-09-12,28.837383270263672,29.18934543052221,28.74352768873311,29.165882281043352,22103300
2024-09-13,28.704416275024414,29.36923124851471,28.61838076427787,29.02509218914314,34729600
2024-09-16,29.103303909301758,29.502195269965675,29.06419767368743,29.126770037561975,22614800
2024-09-17,28.97034454345703,29.087663260148545,28.704417941895585,29.07202016786672,23443700
2024-09-18,28.274240493774414,28.884306113132755,28.274240493774414,28.868663022429406,38777000
2024-09-19,28.368101119995117,28.766989561508353,28.30552874600833,28.60274155521555,25059700
2024-09-20,28.360271453857422,28.469773082744595,28.211666575789156,28.36809449058509,48336200
2024-09-23,28.64966583251953,28.907769371104028,28.328989930875466,28.461951726955316,28218500
2024-09-24,28.766992568969727,29.181527130932416,28.72006626718871,29.118954750403965,35104100
2024-09-25,28.978166580200195,29.275379386657754,28.9077741519238,29.01727282177264,38655300
2024-09-26,28.35245704650879,28.876487234267728,28.133459712354593,28.876487234267728,58048200
2024-09-27,28.242956161499023,28.454133424398822,28.102171319565826,28.454133424398822,34537400
2024-09-30,28.164735794067383,28.375913020161384,28.09434338536938,28.282057469768766,21146300
2024-10-01,28.91559600830078,29.34577061524157,28.023960608994273,28.16474247617674,49748200
2024-10-02,29.31447982788086,29.66644189962139,29.212801233019288,29.525657070925178,32014500
2024-10-03,29.67426109313965,29.752476542157048,29.10330174157701,29.28319279889557,31033000
2024-10-04,29.596052169799805,29.877621852732165,29.46308738236412,29.838515615350374,22526800
2024-10-07,30.01058578491211,30.01840882311208,29.64298354711522,29.75248221299578,36418000
2024-10-08,29.40833854675293,29.525660244481525,29.29101983263905,29.30666292457718,34142000
2024-10-09,29.111129760742188,29.34577018072518,28.946878781500757,29.228448478926275,30789800
2024-10-10,29.44744873046875,29.51784115468272,29.189342180479258,29.251914550276037,20630100
2024-10-11,29.423982620239258,29.447448750736605,29.189342200569467,29.408339527779297,16343000
2024-10-14,29.49437713623047,29.6429850333319,29.212807419211988,29.306665980628164,22279000
2024-10-15,29.251914978027344,29.25973503255889,28.98598836973201,29.103307089394306,28204600
2024-10-16,29.103303909301758,29.392696616799746,29.08766081833312,29.36923048853953,23041200
2024-10-17,28.884305953979492,29.103303255390784,28.696591850188057,29.103303255390784,22174300
2024-10-18,28.806095123291016,28.993806254146907,28.477596168871266,28.92341383417229,32000800
2024-10-21,28.35245704650879,28.978165846674276,28.31335080592624,28.93905960609173,28390000
2024-10-22,28.242956161499023,28.391561057488655,28.14910059474845,28.313348582465622,29144300
2024-10-23,27.8909912109375,28.109988505549353,27.820598797153067,28.086525362159332,30769100
2024-10-24,28.078706741333008,28.180382356952986,27.81278016276053,28.039597522201994,23058900
2024-10-25,28.274240493774414,28.540167068502445,28.03959711683861,28.125632623899808,32585900
2024-10-28,28.22731590270996,28.258602089304976,27.64071333032082,27.75803503824464,27507100
2024-10-29,28.164735794067383,28.48541165955513,28.000487834976763,28.41502223447128,26090200
2024-10-30,28.03959846496582,28.446309891963985,28.03959846496582,28.250775724192632,26144700
2024-10-31,28.086530685424805,28.19602935348411,27.86753334930619,28.055244499232163,25597000
2024-11-01,27.703283309936523,28.446313847511256,27.60942773176746,28.313352027073005,30605300
2024-11-04,27.765851974487305,28.117814075112182,27.67199640885888,28.078707838068226,24003600
2024-11-05,27.679819107055664,27.84406710849956,27.3982493996576,27.76585462694006,23990600
2024-11-06,27.687639236450195,27.734565527009735,27.406069558634524,27.41388961252291,28440800
2024-11-07,27.773672103881836,28.070884876729462,27.58596097211518,27.758031995913488,34081200
2024-11-08,28.297710418701172,28.407209096248163,27.79714333070626,28.03960383567025,49865100
2024-11-11,28.35245704650879,28.485418861212434,28.078710378816044,28.149102805310594,21446300
2024-11-12,28.884305953979492,29.025090785919456,28.42284522342394,28.4384883140411,39412300
2024-11-13,28.845203399658203,28.9938083040603,28.57145375435139,28.8999527319966,34090000
2024-11-14,29.150232315063477,29.197161586573362,28.82955641878202,28.876482706677468,30262100
2024-11-18,29.877622604370117,29.95583508110131,29.09548590259925,29.09548590259925,39004100
2024-11-19,29.56476593017578,29.95583427047867,29.447447218253707,29.799406337634583,26002700
2024-11-21,29.650798797607422,29.82286980674887,29.369229140326645,29.697728068359012,36048400
2024-11-22,30.831819534301758,31.15249836499023,30.0887922429049,30.276503332911734,85234900
2024-11-25,30.64411735534668,31.175970571047788,30.620654208176433,30.800545298249624,41119500
2024-11-26,30.605012893676758,30.902222720483923,30.550263558022017,30.784903994201628,35188200
2024-11-27,30.495508193969727,30.784897908597088,30.307794091964627,30.659756168465165,30600700
2024-11-28,30.18265151977539,30.737967789826264,30.01840354980784,30.354722526568644,33113500
2024-11-29,30.425119400024414,30.675402910078294,30.041871096971093,30.11226352064967,44011700
2024-12-02,30.620655059814453,30.816189247977725,30.323442258394095,30.425120871651178,31711800
2024-12-03,30.894397735595703,30.894397735595703,30.565901774086377,30.816185263888116,22536200
2024-12-04,30.698867797851562,31.175971698330322,30.487690514838917,30.894401987646795,31584400
2024-12-05,31.00389862060547,31.13686341241454,30.6675795975537,30.808364443650476,25214200
2024-12-06,30.526790618896484,31.05082369367463,30.472041295449948,31.00389442345716,31118500
2024-12-09,31.316755294799805,31.418430921203395,30.784902081247033,30.800545173835626,28548700
2024-12-10,31.434070587158203,31.621784694143717,31.371501207239373,31.520106095209293,21837600
2024-12-11,31.746925354003906,31.879887146552218,31.246358397280662,31.559211253425488,46900900
2024-12-12,31.179088592529297,31.62636232413821,31.000177859001187,31.488115377111114,38310600
2024-12-13,30.983911514282227,31.49624479853798,30.837530575923438,31.390524542565252,23235400
2024-12-16,30.853797912597656,31.114030023129384,30.764345645149184,31.057104442838785,21349400
2024-12-17,31.146562576293945,31.301077538403447,30.76434837502858,30.85380065041461,39617200
2024-12-18,30.34146499633789,31.227881513583682,30.341464996337887,31.130292154139447,58126400
2024-12-19,30.219480514526367,30.845664958151605,30.07309957434326,30.626093547876945,43268400
2024-12-20,29.967382431030273,30.373995506632916,29.853531266215384,30.219483654700078,59277400
2024-12-23,29.975513458251953,30.130025294867746,29.861662304723346,30.089364611780564,43785600
2024-12-26,30.200851440429688,30.39504159747618,30.057317624749977,30.082649016207867,22920700
2024-12-27,30.107975006103516,30.395039395895726,30.06576031776407,30.395039395895726,24167200
2024-12-30,30.555461883544922,30.707437364963315,30.200854574085234,30.20929622493077,22355600
2025-01-02,31.04515838623047,31.315336278144684,30.555458944151876,30.749649102666808,30046800
2025-01-03,30.715879440307617,31.27312174785387,30.66521987752176,31.13803280119946,23314200
2025-01-06,30.572345733642578,30.97761257507511,30.445701657380596,30.9016248410081,23760200
2025-01-07,31.22246551513672,31.450428740824947,30.648336625427454,30.859413328386008,37753300
2025-01-08,30.969175338745117,31.340669191143885,30.75809862745093,31.230911620228916,24483500
2025-01-09,31.10426139831543,31.214022179747793,30.986058966361213,30.986058966361213,11526600
2025-01-10,31.188688278198242,31.678387709222843,31.154918458052148,31.450424514170816,40328800
2025-01-13,31.29845428466797,31.686834657877593,31.214024889022394,31.49264447127278,22897100
2025-01-14,31.087373733520508,31.349109980920776,30.88474192069899,31.332223459723217,29173100
2025-01-15,31.484195709228516,31.509523878046757,31.07048403414311,31.18024480031259,32512700
2025-01-16,31.28156089782715,31.441981223440546,31.04515606526966,31.416649833684897,26733200
2025-01-17,31.40821075439453,31.577072743228147,31.112701468742063,31.24779041565405,39941100
2025-01-20,31.484195709228516,31.602398124745985,31.332220254770554,31.425094501469783,13912800
2025-01-21,31.492633819580078,31.534848503124675,31.00293769306974,31.32377186462779,23612200
2025-01-22,31.31533432006836,31.771260691956012,31.264674760711625,31.543297506012188,21832200
2025-01-23,31.0958194732666,31.585515718578645,30.98605869280325,31.34066598553528,26725700
2025-01-24,30.935396194458008,31.154917734569374,30.73276439518916,31.138031214501236,16216500
2025-01-27,31.39132308959961,31.49263899089822,30.791866110819047,30.87629549177215,29809700
2025-01-28,31.349111557006836,31.65306251229493,31.138034862587297,31.57707477347291,27621700
2025-01-29,31.154918670654297,31.517970811091544,31.036713026625737,31.408210037737977,18204400
2025-01-30,31.568622589111328,31.669938477145696,31.070481576845847,31.27311657368859,30916000
2025-01-31,31.821918487548828,32.39604730344848,31.450424697579717,31.568627120716503,37044800
2025-02-03,31.6614990234375,31.923235241509975,31.560183128379286,31.88101733285934,24877600
2025-02-04,31.349111557006836,31.534856857969196,31.087375296447693,31.492642163240237,34290300
2025-02-05,31.12114715576172,31.29845079933826,31.028272898428874,31.281564277934592,20539800
2025-02-06,31.06203842163086,31.340657905405596,30.98605070409705,31.104253104533232,17512400
2025-02-07,30.88473892211914,31.264674339465447,30.70743207714668,31.121143754383382,21438700
2025-02-10,31.0958194732666,31.264678248410604,31.00294521447259,31.078932951597263,17483300
2025-02-11,31.0958194732666,31.315337813418616,30.969172171133913,31.24779172674127,16624300
2025-02-12,30.63144302368164,31.02826816418424,30.487912444812103,30.943838790822646,37364500
2025-02-13,30.665218353271484,30.673663223703304,30.411926993481426,30.56390245351034,15351300
2025-02-14,31.6108455657959,31.729051223745135,30.73276893788271,30.76653876223621,40322000
2025-02-17,31.805038452148438,32.0161151710104,31.636179653678973,31.779710276533045,22615200
2025-02-18,32.38760757446289,32.45515043992938,31.8388068964648,31.847251767632276,44062600
2025-02-19,32.45515441894531,32.640902958106686,31.973899768186353,32.17653483097831,32648200
2025-02-20,32.50580596923828,32.564907176974955,32.345388865492204,32.43825989138251,26641200
2025-02-21,32.412933349609375,32.531135771016146,32.22718484695621,32.531135771016146,30115200
2025-02-24,32.184967041015625,32.51424610328108,31.914789183732477,32.505804454329656,27830300
2025-02-25,32.04144287109375,32.45515138870363,31.94012695954487,32.1849734773901,31960900
2025-02-26,32.04144287109375,32.29473426035334,31.87258087132911,32.29473426035334,27420200
2025-02-27,30.910066604614258,31.0198273696271,29.955999199631723,30.698989944621836,129693500
2025-02-28,30.3359432220459,30.859412530023498,30.234627309063896,30.8087561839199,55476800
2025-03-05,29.22989273071289,29.643604369688784,29.17079152811262,29.56761664909215,48552000
2025-03-06,28.925947189331055,29.65205149337553,28.731757027677812,29.39031846803944,47749600
2025-03-07,29.238344192504883,29.491635578012268,28.900620197978565,28.951279763389923,28074700
2025-03-10,29.22989273071289,29.22989273071289,28.706423555921624,29.19612291549415,35037200
2025-03-11,28.790857315063477,29.46630525481205,28.630440200799153,29.339657960915574,28805400
2025-03-12,28.790857315063477,29.04415190285643,28.67265489183982,28.841516876776964,20149100
2025-03-13,29.07792091369629,29.1623535142015,28.74020017399861,28.858402593931515,19263600
2025-03-14,29.972885131835938,30.192403436787625,29.018817745541014,29.213007882437473,41529400
2025-03-17,30.530132293701172,30.741208983569344,30.057319348917584,30.065764220146136,31175900
2025-03-18,30.555461883544922,30.741210409895142,30.319057010571797,30.555461883544922,15086400
2025-03-19,30.530132293701172,30.673666117614367,30.420371513152812,30.623006552567116,21180500
2025-03-20,30.597671508789062,30.800303281921526,30.192401520976205,30.53012543722893,46921900
2025-03-21,31.070484161376953,31.264674304918614,30.547014938752728,30.580787977831523,61175700
2025-03-24,31.028268814086914,31.188685915143616,30.817192155487685,30.98605412652191,20348000
2025-03-25,31.273122787475586,31.67838964091122,30.926957148867565,31.112702443708077,28036100
2025-03-26,31.568622589111328,31.77125758595407,31.365990813042597,31.365990813042597,26870300
2025-03-27,31.805038452148438,32.0583330914029,31.56863355767108,31.60240660567503,28444400
2025-03-28,31.602399826049805,31.982338482648576,31.315335421150113,31.788148329447967,22057700
2025-03-31,31.374441146850586,31.77970803194875,31.306898276388345,31.534858282376454,26049400
2025-04-01,31.492633819580078,32.05832088555415,31.408204452490885,31.492633819580078,19075600
2025-04-02,31.40821075439453,31.492640138424065,31.095818168555795,31.467311967370115,16959200
2025-04-03,30.395036697387695,30.64832802571113,30.065757648489832,30.521683971936405,65896000
2025-04-04,29.17079734802246,29.55917767710317,28.546012161375174,29.331217690606607,87263200
2025-04-07,28.014097213745117,29.17079651777014,27.954996001035596,28.638882382609918,85724900
2025-04-08,27.01781463623047,28.655768489073125,26.916497122774217,28.45313668293511,62128500
2025-04-09,28.11541175842285,28.351819818601133,26.20728008157482,26.435241660944698,106391600
2025-04-10,26.36769676208496,27.879006465456786,26.34236859278214,27.862119945663466,71250600
2025-04-11,26.89116859436035,27.27110564139418,25.987760687144984,26.595660928631446,65329400
2025-04-14,26.789852142333984,27.76080616963376,26.545004028163998,27.524398095231238,56015200
2025-04-15,26.17350959777832,26.908057188608982,26.15662307606098,26.789853146974973,58276900
2025-04-16,26.17350959777832,26.570333195811642,26.04686390567299,26.418359331517657,73227700
2025-04-17,26.691003799438477,26.976515277835194,26.353579942997058,26.535269965728943,65752700
2025-04-22,26.751564025878906,27.037075476906555,26.24110390885794,26.64774092995425,41683900
2025-04-23,26.448749542236328,27.495626006025017,26.38818675470211,27.123595568072314,71566500
2025-04-24,26.32762336730957,26.682349672109655,26.00750366164961,26.656393485095446,61589200
2025-04-25,26.405488967895508,26.5871773173431,26.128629587663703,26.2497551539621,35581500
2025-04-28,26.301668167114258,26.63043994744756,26.171890527598364,26.440097869292842,27362000
2025-04-29,26.440095901489258,26.656392501321953,26.085369609780606,26.2151472396378,33041100
2025-04-30,25.946943283081055,26.457403456907073,25.920987093658404,26.310321683936657,52798300
2025-05-02,26.65639305114746,26.65639305114746,25.929636328702262,26.128630458814065,33146600
2025-05-05,25.66143226623535,26.49201219050633,25.66143226623535,26.448751874016395,59011700
2025-05-06,26.085371017456055,26.293015566475358,25.920985130652873,26.0507644177256,52751300
2025-05-07,26.206499099731445,26.215149512288033,25.869075252596186,26.215149512288033,35050400
2025-05-08,26.569873809814453,26.846734846680132,26.344926795817518,26.466052364925424,44665000
2025-05-09,26.74291229248047,26.976513023523758,26.50931156143718,26.90729817546043,25075600
2025-05-12,27.383148193359375,27.833043850167233,27.383148193359375,27.599444785171396,53493600
2025-05-13,27.79844093322754,27.902262380758064,27.123594923430502,27.48697329021165,56165300
2025-05-14,27.60809898376465,27.789787342847834,27.426410624681463,27.685965894860917,28060100
2025-05-15,27.5734920501709,27.763832469313765,27.331239257451863,27.42641029212937,32468300
2025-05-16,27.703269958496094,27.824395530951076,27.391802314797964,27.54753613664703,48111800
2025-05-19,27.66866111755371,27.772482563091977,27.426409977823013,27.547535547688362,30200500
2025-05-20,27.78113555908203,28.040690816446723,27.64270586845925,27.729223187439427,33485800
2025-05-21,27.469667434692383,28.02338618719785,27.417756714198006,27.867652375502676,28724100
2025-05-22,27.106292724609375,27.38315213797719,27.00246961949031,27.374500075032913,42207300
2025-05-23,27.166854858398438,27.166854858398438,26.708307084920456,26.89864751445733,25732400
2025-05-26,27.08033561706543,27.27932975760833,26.941905915077804,27.218765319053055,21277100
2025-05-27,27.279327392578125,27.400452958763044,27.132245640691263,27.270675330677477,34361500
2025-05-28,27.19281005859375,27.443713267948336,27.19281005859375,27.400454606056496,30516200
2025-05-29,27.028423309326172,27.25337197444226,26.86403742900824,27.23606785015361,20778800
2025-05-30,26.734262466430664,27.054382196883132,26.734262466430664,26.950559090997597,45127700
2025-06-02,26.889995574951172,27.383151601629795,26.829432785739726,27.374499538854984,35111000
2025-06-03,26.898162841796875,27.005112834442322,26.194068307133175,26.630784460304294,59828700
2025-06-04,26.15842056274414,27.13880462487965,26.087119996403715,26.951639575773793,41952900
2025-06-05,26.167333602905273,26.41688473757672,26.033643552257445,26.292109170240998,23774000
2025-06-06,26.443620681762695,26.58622180286907,26.167331222111528,26.247544565226296,28069300
2025-06-09,25.99799346923828,26.26537016397525,25.721703991351472,26.042555685047923,43834800
2025-06-10,26.782299041748047,26.933812951765365,26.158419535748145,26.211894533419102,46241800
2025-06-11,27.67355728149414,27.771596195064543,27.005113852473126,27.005113852473126,52432400
2025-06-12,28.297439575195312,28.44004070950034,27.38835606904605,27.45074385281205,51729500
2025-06-13,28.992618560791016,29.5630230759927,28.671765171020297,29.509549777616975,74902600
2025-06-16,28.707416534423828,29.349123319134115,28.5826409707033,28.99261879432193,45972200
2025-06-17,29.358034133911133,29.491724179463258,28.850017400619596,28.858931883591918,57633400
2025-06-18,29.331296920776367,29.598673606860466,28.95697024023443,29.37585913514388,49342900
2025-06-20,29.25108528137207,29.554113116579405,29.081747496945322,29.170871930879567,85062700
2025-06-23,28.520252227783203,29.714537925816785,28.35091275419768,29.669975711686675,54592400
2025-06-24,27.958763122558594,28.37765375431812,27.753772498562544,27.887462553324212,48728300
2025-06-25,27.816160202026367,28.110276961681965,27.816160202026367,27.91419912191157,23127700
2025-06-26,28.038972854614258,28.163750117180964,27.90528450895093,27.940935641095578,17227000
2025-06-27,27.816160202026367,28.03006360903765,27.753772416622937,27.976586907315,16482100
2025-06-30,27.967674255371094,28.065713175717878,27.718123112582433,27.81616033298955,23091100
2025-07-01,28.065711975097656,28.137012541407067,27.86072305945055,28.030062541912745,17014100
2025-07-02,28.564815521240234,28.73415670116385,28.05679878122766,28.14592491279503,28311600
2025-07-03,28.662853240966797,28.8678421450678,28.466777119644902,28.520252116380057,14322300
2025-07-04,28.6272029876709,28.796544165727113,28.493514641763863,28.52025299092109,9356900
2025-07-07,28.573732376098633,28.751981254149825,28.431129533790326,28.627205679562223,17938800
2025-07-08,28.983707427978516,29.046095209229254,28.546989559344244,28.58264069145298,28778300
2025-07-09,28.805456161499023,29.081747345058933,28.573730594552703,29.028270645050146,22338900
2025-07-10,28.734155654907227,28.903493428785847,28.270699447644166,28.529163349844932,23102800
2025-07-11,29.08174705505371,29.144134837835555,28.653943658887144,28.698505875177148,23946700
2025-07-14,28.69850730895996,29.20652407978082,28.62720503943034,29.081748507983324,24106300
2025-07-15,28.475692749023438,28.85893394713868,28.35091547758194,28.73415837563685,18688300
2025-07-16,28.33308982849121,28.475690958365917,28.047885868802236,28.431127042817845,27588900
2025-07-17,28.04788589477539,28.315264288492738,27.98549811288988,28.315264288492738,27497600
2025-07-18,27.62008285522461,28.163750732736176,27.27249280891503,27.985498467996113,57635000
2025-07-21,27.67355728149414,27.878547891681304,27.42400615595427,27.530956152631486,16412000
2025-07-22,27.940935134887695,28.145924041186962,27.620081751157006,27.673556748465614,24557100
2025-07-23,28.511341094970703,28.546990528349983,27.89637264473676,27.940936561385367,27418600
2025-07-24,28.466777801513672,28.538078365514913,28.208312194546956,28.457865018521073,17856300
2025-07-25,28.50242805480957,28.680680319918583,28.44004027200329,28.511340838058977,13341000
2025-07-28,28.53807830810547,28.90349391036918,28.235050486724894,28.66285386987175,27972800
2025-07-29,28.91240692138672,29.055008058611488,28.511341860419417,28.689592431980557,33284000
2025-07-30,29.206523895263672,29.260000597073038,28.760894913156893,28.78763156412192,27110400
2025-07-31,29.090656280517578,29.18869519002195,28.89457846150884,28.921318509478454,23544900
2025-08-01,28.707416534423828,29.331297752905595,28.55590432130008,29.233258838588288,24191800
2025-08-04,28.662853240966797,28.760892151597492,28.484600985263622,28.70741545492284,15215600
2025-08-05,28.79654312133789,28.88566754875053,28.546988604800358,28.636116432091967,20635500
2025-08-06,28.83219337463379,29.358035702078894,28.68959223837135,29.055007862536304,32854600
2025-08-07,28.992618560791016,29.27782081839186,28.903494130245413,29.090657474318636,21111400
2025-08-08,27.210107803344727,28.564818693862733,27.210107803344727,28.07462746570724,107235300
2025-08-11,27.379444122314453,27.655735315920452,27.254668550969594,27.370531338655585,28045800
2025-08-12,27.45074462890625,27.869636960217456,27.317056274208067,27.44183354520741,37973300
2025-08-13,27.24575424194336,27.504219853761285,27.103153111264355,27.45074315480198,38340700
2025-08-14,26.898162841796875,27.388353991290717,26.75556171830996,27.388353991290717,43087500
2025-08-15,26.889251708984375,26.933813925331023,26.506010528620678,26.82686392612323,55416100
2025-08-18,27.058589935302734,27.227927709513324,26.75556211837709,26.96055102396223,31498100
2025-08-19,26.773387908935547,26.942725684568412,26.604048433363157,26.915989035752446,39294300
2025-08-20,26.933815002441406,27.058592273093247,26.826864998956573,26.84469056618393,23706600
2025-08-21,26.99620246887207,27.12097803025313,26.74664964617042,26.93381298824201,23327000
2025-08-22,27.7727108001709,27.7727108001709,27.16202098151873,27.244054071972368,49813600
2025-08-25,27.936777114868164,28.055270129870827,27.727137766484834,27.77271093317517,21075300
2025-08-26,27.73625373840332,27.872974981863567,27.5539575881197,27.781826906721758,21789700
2025-08-27,27.945890426635742,27.96412038762491,27.672447965817337,27.75448105176381,16349100
2025-08-28,28.191991806030273,28.374286214125974,27.991465697068634,28.055270565332272,25802500
2025-08-29,28.346940994262695,28.57481029206464,28.119071696460754,28.191989802217183,27713400
2025-09-01,28.410743713378906,28.5930398444166,28.30136568705534,28.438088654585986,9889700
2025-09-02,28.55657958984375,28.65684263459591,28.255792194091992,28.255792194091992,19812000
2025-09-03,28.310482025146484,28.574811253977135,28.18287577040332,28.365171910183413,29788800
2025-09-04,28.310482025146484,28.54746631145867,28.19199075124281,28.25579387861439,24816500
2025-09-05,27.88208770751953,28.337826307853614,27.517497174953224,28.328711327226358,46121900
2025-09-08,27.991464614868164,28.228448900884743,27.809170213820295,28.10084264630075,18164200
2025-09-09,28.210222244262695,28.392516655433475,28.08261424408773,28.12818915075912,31283900
2025-09-10,28.720645904541016,28.747990845568626,28.18287423386454,28.219332416729948,35949600
2025-09-11,28.611268997192383,28.693302084976697,28.50189270581651,28.529235909408072,17607900
2025-09-12,28.419858932495117,28.893827486370444,28.401628971537274,28.665958189911702,19318400
2025-09-15,28.66596031188965,28.75710664641638,28.310483000916808,28.529237333089768,21978400
2025-09-16,28.73887825012207,28.875599489596453,28.565697086251916,28.80268137930979,19154700
2025-09-17,28.912057876586914,28.975862744723315,28.67507358188068,28.747993431179424,29148100
2025-09-18,28.629501342773438,29.003206890020966,28.42897696621536,28.957633721236615,25702900
2025-09-19,28.310482025146484,28.665959323867177,28.173760789563836,28.647729362188205,48871300
2025-09-22,28.593042373657227,28.68418870873381,28.10995880062877,28.25579502295719,22016100
2025-09-23,29.076122283935547,29.24930343842883,28.675071829821288,28.70241677163753,39895300
2025-09-24,29.732385635375977,29.74150235460711,29.22196062274044,29.313106952994037,36414400
2025-09-25,29.495403289794922,29.896452013433883,29.38602699734969,29.805305682564462,29556300
2025-09-26,29.3951416015625,29.841766988338772,29.303995266470107,29.61389767359798,27819700
2025-09-29,28.994089126586914,29.6594688011281,28.921171020425458,29.404252821805823,35720000
2025-09-30,28.675073623657227,29.076124102860128,28.40163114240814,28.884714713686748,48611500
2025-10-01,28.602155685424805,28.757106889336015,28.529237574084522,28.665960554039344,24817000
2025-10-02,28.32871437072754,28.629501809723,28.274026219593356,28.60215686490342,25497100
2025-10-03,28.25579261779785,28.556580018060025,28.25579261779785,28.401628827712557,19756800
2025-10-06,28.000581741333008,28.465435368158985,27.982353516784805,28.4380921620842,21245400
2025-10-07,28.10084342956543,28.128188372811977,27.66333476864991,28.000580376166294,29068800
2025-10-08,27.936777114868164,28.328712607022574,27.80005587629229,28.328712607022574,17687400
2025-10-09,27.53572654724121,28.109958181197374,27.517498323730514,27.945892000067044,22879700
2025-10-10,27.289628982543945,27.490153348969027,27.225825854068002,27.43546520149034,50214400
2025-10-13,27.553956985473633,27.5904169101349,27.3169726906901,27.481038874656,13890500
2025-10-14,27.362545013427734,27.763593715812327,27.2349370276647,27.29874188979858,28138200
2025-10-15,27.11644744873047,27.499267952840974,27.04352934025727,27.389889920878755,40261000
2025-10-16,26.84300422668457,27.17113483639475,26.80654430421411,27.107331710576236,28660900
2025-10-17,27.098217010498047,27.298743109151975,26.715396513118954,26.888577669636945,36238600
2025-10-20,27.11644744873047,27.253168684804614,26.870348180694105,27.070874282874033,31442800
2025-10-21,26.897693634033203,27.33520229317963,26.8612337098519,27.307857350043655,25509900
2025-10-22,27.207595825195312,27.37166200573294,26.997956478288284,27.1255627349265,27088800
2025-10-23,27.517499923706055,28.000581775672682,27.44458180990892,27.81828736043234,40060800
2025-10-24,27.1984806060791,27.75448227114292,27.17113566339397,27.617759296222093,24370300
2025-10-27,27.344316482543945,27.490152698037125,27.06175903233901,27.490152698037125,24771400
2025-10-28,27.3351993560791,27.663331684434343,27.125560030076446,27.253166273990292,25324800
2025-10-29,27.362545013427734,27.490151260686037,27.162018923730706,27.426348137056888,24854900
2025-10-30,27.24405288696289,27.490152147619455,27.125561616186463,27.27139782875966,22657200
2025-10-31,27.11644744873047,27.426349844367774,26.93415130829505,27.34431675502232,29516300
2025-11-03,27.435462951660156,27.772708528378736,27.162018759680652,27.23493686317424,54977300
2025-11-04,27.572185516357422,27.581300497049522,27.262283126845254,27.344316214569346,35035200
2025-11-05,28.11907196044922,28.21022002812667,27.5357253704164,27.572185292889298,40375900
2025-11-06,28.264909744262695,28.511009019118294,28.164646690394513,28.23756480088822,43435700
2025-11-07,29.331336975097656,29.331336975097656,28.119072352067118,28.456317947114325,97315600
2025-11-10,29.495403289794922,29.668582709250682,29.10346780843905,29.440713405067484,41064200
2025-11-11,30.261045455932617,30.479798049244714,29.57743751706521,29.659470608809688,68221300
2025-11-12,29.48628807067871,30.31573224102488,29.240192269408706,30.31573224102488,67646400
2025-11-13,29.61389923095703,30.02406123745254,29.458946280739404,29.49540620749767,38517200
2025-11-14,29.8053035736084,30.23369547079421,29.695927288902386,29.714153772178886,27371300
2025-11-17,29.969369888305664,30.151666015062432,29.832646923985735,29.859990126045954,63708200
2025-11-18,30.069631576538086,30.23369425851399,29.777955700668368,29.805302378505406,26520500
2025-11-19,29.914684295654297,30.06052052256447,29.65947176781398,29.896454332664288,48719300
2025-11-21,29.686813354492188,29.841766292950233,29.495403969052596,29.677700111999233,40869300
2025-11-24,29.659469604492188,29.850878986411285,29.495403426558774,29.67769956615253,38665600
2025-11-25,29.422483444213867,29.568319659814307,29.249304024753854,29.486286571225957,28431100
2025-11-26,29.376911163330078,29.540977345446887,29.258418148021327,29.513634140764005,25042100
2025-11-27,29.531862258911133,29.531862258911133,29.349566126051773,29.422482492989797,16087400
2025-11-28,28.975862503051758,29.449831088511115,28.520123879765045,29.413371164165834,60420500
2025-12-01,29.030550003051758,29.322220698778988,28.77533575384627,29.12169807337549,29489100
2025-12-02,29.2310733795166,29.2310733795166,28.656843511333143,29.103467128476893,25574100
2025-12-03,29.449831008911133,29.62301043356848,29.303994788933952,29.303994788933952,36630000
2025-12-04,29.6412410736084,29.850880427307086,29.577437943222268,29.613897868302864,33009700
2025-12-05,28.593042373657227,29.996716448194483,28.593042373657227,29.623010911164798,74495100
2025-12-08,28.85736846923828,29.15815588045441,28.70241727324786,28.775335380860717,30271600
2025-12-09,29.03966522216797,29.07612340749365,28.556581662442486,28.81179591374168,23863000
2025-12-10,29.112581253051758,29.15815441608172,28.747990733297847,29.057891371210122,22123700
2025-12-11,28.629501342773438,29.0761250031789,28.483665116457573,29.057895040263176,64927900
2025-12-12,28.79356575012207,28.912057024731553,28.565696443292047,28.62949957104368,39659900
2025-12-15,28.893827438354492,29.07612183211569,28.79356439175774,28.875597477426943,31898900
2025-12-16,28.018808364868164,28.738876173099833,27.900317096155295,28.738876173099833,52661900
2025-12-17,28.32871437072754,28.32871437072754,28.091730064472785,28.12818999089889,39337100
2025-12-18,28.16464614868164,28.511008470743562,28.100843020539934,28.438090361652346,34311000
2025-12-19,28.264909744262695,28.474549094618997,28.228449819763394,28.319597892506753,45807700
2025-12-22,28.346940994262695,28.738876464642804,28.346940994262695,28.483662225242906,35896900
2025-12-23,28.4993839263916,28.743852632244902,28.395956169099556,28.725046933315383,35703900
2025-12-26,28.593408584594727,28.61221428218056,28.320733143240304,28.499381890075604,20178600
2025-12-29,28.89429473876953,28.969515741342757,28.696840279543622,28.73444988412515,20588100
2025-12-30,28.978918075561523,29.110554379371482,28.819073223759375,28.960112376900064,16880600
2026-01-02,28.87548828125,29.110554132292712,28.546397524518298,29.110554132292712,21625200
2026-01-05,28.39595603942871,28.931905902601525,27.954031083653817,28.86608775005892,48211400
2026-01-06,27.869407653808594,28.612216628676613,27.85060374809068,28.555801324702518,38095000
2026-01-07,28.048057556152344,28.048057556152344,27.76597924943438,27.89761555344808,28132900
2026-01-08,28.39595603942871,28.52759234451392,28.01044818018475,28.123278786426315,34125800
2026-01-09,28.48998260498047,28.903699036568725,28.33954059229569,28.367749142202932,27982800
2026-01-12,28.546398162841797,28.74385262129608,28.40535721433427,28.489981066074723,18947400
2026-01-13,29.279802322387695,29.449050024918744,28.54639800263334,28.54639800263334,54097100
2026-01-14,30.07902717590332,30.586768500010262,29.336219992222194,29.477259149284667,82309300
2026-01-15,29.890975952148438,30.022612261326802,29.561883385792314,29.6182986906673,26456600
2026-01-16,30.126041412353516,30.276483418950697,29.975597612346153,30.04141755946633,70947300
2026-01-19,30.248271942138672,30.285883339082226,30.00380503564603,30.05081748841536,12852900
2026-01-20,30.361106872558594,30.57736703002173,30.032014314926343,30.248272678979315,26300000
2026-01-21,31.43300437927246,31.54583497804628,30.492741020243837,30.558559168430236,93270900
2026-01-22,31.574047088623047,32.09119124772779,31.27315949698474,31.385993688906705,71516300
2026-01-23,32.946834564208984,33.360549221283556,31.85612902572087,31.921947185100443,68642600
2026-01-26,33.24771499633789,33.567404701564996,32.946830989867706,33.25711605230621,39869600
2026-01-27,33.971717834472656,34.272601837193584,33.25711563789529,33.38875194073316,47268200
2026-01-28,35.10943603515625,35.20346094186275,34.31961462363271,34.366627076985964,46054700
2026-01-29,35.44792938232422,36.27536214326951,35.32569414123888,35.730007672904186,58722800
2026-01-30,35.50434494018555,35.711204039081515,34.808552022332286,35.00600647846738,45794700
2026-02-02,35.015411376953125,35.015411376953125,34.43244547341065,34.5828874773009,38505600
2026-02-03,35.33510208129883,36.030895023880106,34.92138386880362,35.26928034009426,57152800
2026-02-04,35.278682708740234,35.42912470717925,34.761538563282386,35.21286455859943,37955800
2026-02-05,34.78974533081055,35.36330657096649,34.695720426806695,35.1658521204663,35933100
2026-02-06,34.460655212402344,35.04361751892918,34.27260181412329,34.9872004233994,27681100
2026-02-09,35.09062957763672,35.212864823168125,34.36662633382793,34.47005588106064,27089800
2026-02-10,35.11883544921875,35.33509918080941,34.7051208575038,35.09062869588958,24585300
2026-02-11,35.805233001708984,36.16253052125753,35.438527252456026,35.476138650351764,55863800
2026-02-12,34.89317321777344,35.777019468562145,34.60169029031227,35.777019468562145,39856000
2026-02-13,34.68631362915039,34.9401851583712,34.34781825685597,34.9401851583712,27507000
2026-02-18,34.96839141845703,35.156444798954716,34.648701747656936,34.85556082488638,32276700
2026-02-19,35.551361083984375,35.95567464019404,35.20346103722331,35.2598781334922,48355000
2026-02-20,35.70180130004883,35.70180130004883,35.212863917321265,35.419719419645155,51949800
2026-02-23,36.284767150878906,36.90534089247704,35.58897061062866,35.70180480860683,55061500
2026-02-24,37.20622253417969,37.29084638384156,36.53863637952504,36.53863637952504,43263600
2026-02-25,37.20622253417969,37.58232932974806,36.698479436208444,37.55411898864729,26012300
2026-02-26,37.24383544921875,37.422484211644615,36.642067421236504,36.952352491430936,29919100
2026-02-27,36.980560302734375,37.86440658499037,36.980560302734375,37.53531225127176,38799000
2026-03-02,38.673038482666016,39.04914172788323,38.09947717787763,38.832881554848704,83817000
2026-03-03,38.5037841796875,39.49105996135744,38.31573079584085,39.20898167899745,93893800
2026-03-04,38.08066940307617,38.71064418757674,37.54471952805258,38.50378866936332,50915600
2026-03-05,38.25931930541992,38.33454210469843,37.59173310251539,38.108877293683406,53107600
2026-03-06,39.64150619506836,40.54415822998573,38.945709676390166,39.3970392806692,87228000
2026-03-09,40.58177185058594,41.62546489235038,40.1210411649454,40.6663957076701,107124400
2026-03-10,40.365509033203125,40.525352093426974,39.519270517840674,39.78254671529805,56706200
2026-03-11,42.123802185058594,42.199024983343875,40.647588843504145,40.66639454307547,73234300
2026-03-12,42.31185531616211,43.33674262173752,41.55964527234998,42.67855748834425,86124400
2026-03-13,42.00156784057617,42.63154623598269,41.64427030144703,41.94515432746132,42520400
2026-03-16,43.120479583740234,43.24271482859241,42.12379910036897,42.19902189314575,40474100
2026-03-17,43.60941696166992,44.4368461610153,43.06406247468212,43.11107492674171,51025600
2026-03-18,44.1923828125,44.33342376684255,43.76926353629282,43.91030449063537,55074700
2026-03-19,43.98552322387695,45.25488103868277,43.90089936955657,44.38043573964557,84865000
2026-03-20,42.941829681396484,44.42744764167003,42.236632099782675,43.99492731911712,78125700
2026-03-23,43.28032684326172,43.42136780001158,41.672477153051815,41.766502066338035,65252400
2026-03-24,44.44625473022461,45.08563417781904,43.60001617110831,43.628226514292514,57455300
2026-03-25,44.66250991821289,44.70952236918383,43.53419316080981,43.72224655151367,40532900
2026-03-26,45.15144729614258,45.574566528491516,44.681315612826,44.756534817010206,59986800
2026-03-27,46.45841598510742,46.48662274025666,45.25487994113558,45.602776406317375,54170900
2026-03-30,46.702880859375,47.66194994758826,46.53363674905048,46.778103652248284,51454300
2026-03-31,45.76261901855469,47.530315255895594,44.80355348469494,47.078989243837974,78931700
2026-04-01,44.54027557373047,45.19846066104654,43.976118977071074,44.85056421266725,66488400
2026-04-02,45.273685455322266,46.50542824941413,45.085632052514406,46.3549862445319,38536900
2026-04-06,46.0164909362793,46.072908033289664,45.01981399683845,45.1232435479473,27848100
2026-04-07,45.612178802490234,46.59945830356328,45.508752834964326,46.15753333019993,33362800
2026-04-08,43.825679779052734,43.85388653464191,41.86993009027455,42.02977674119411,87580500
2026-04-09,45.03861999511719,45.64978907609915,44.220588223722636,44.70012458444639,58206500
